{
"type": "FeatureCollection",
"name": "gangnam_grid_scores",
"crs": { "type": "name", "properties": { "name": "urn:ogc:def:crs:OGC:1.3:CRS84" } },
"features": [
{ "type": "Feature", "properties": { "cell_id": 0, "walkability_score": 25.9, "score_15min": 4.0 }, "geometry": { "type": "Polygon", "coordinates": [ [ [ 127.022815820824093, 37.479999489814119 ], [ 127.022816505734994, 37.482252012164111 ], [ 127.019989934256074, 37.482252524196319 ], [ 127.019989334193824, 37.480000001804918 ], [ 127.022815820824093, 37.479999489814119 ] ] ] } },
{ "type": "Feature", "properties": { "cell_id": 1, "walkability_score": 40.3, "score_15min": 4.0 }, "geometry": { "type": "Polygon", "coordinates": [ [ [ 127.022816505734994, 37.482252012164111 ], [ 127.022817190722122, 37.484504533653151 ], [ 127.019990534385144, 37.484505045726799 ], [ 127.019989934256074, 37.482252524196319 ], [ 127.022816505734994, 37.482252012164111 ] ] ] } },
{ "type": "Feature", "properties": { "cell_id": 2, "walkability_score": 48.8, "score_15min": 4.0 }, "geometry": { "type": "Polygon", "coordinates": [ [ [ 127.022817190722122, 37.484504533653151 ], [ 127.022817875785506, 37.486757054281249 ], [ 127.019991134581005, 37.486757566396321 ], [ 127.019990534385144, 37.484505045726799 ], [ 127.022817190722122, 37.484504533653151 ] ] ] } },
{ "type": "Feature", "properties": { "cell_id": 3, "walkability_score": 39.9, "score_15min": 4.0 }, "geometry": { "type": "Polygon", "coordinates": [ [ [ 127.022817875785506, 37.486757054281249 ], [ 127.022818560925131, 37.489009574048374 ], [ 127.019991734843671, 37.489010086204878 ], [ 127.019991134581005, 37.486757566396321 ], [ 127.022817875785506, 37.486757054281249 ] ] ] } },
{ "type": "Feature", "properties": { "cell_id": 4, "walkability_score": 41.1, "score_15min": 5.0 }, "geometry": { "type": "Polygon", "coordinates": [ [ [ 127.022818560925131, 37.489009574048374 ], [ 127.022819246141054, 37.491262092954493 ], [ 127.019992335173171, 37.491262605152443 ], [ 127.019991734843671, 37.489010086204878 ], [ 127.022818560925131, 37.489009574048374 ] ] ] } },
{ "type": "Feature", "properties": { "cell_id": 5, "walkability_score": 36.2, "score_15min": 6.0 }, "geometry": { "type": "Polygon", "coordinates": [ [ [ 127.022819246141054, 37.491262092954493 ], [ 127.022819931433233, 37.493514610999611 ], [ 127.019992935569476, 37.493515123238993 ], [ 127.019992335173171, 37.491262605152443 ], [ 127.022819246141054, 37.491262092954493 ] ] ] } },
{ "type": "Feature", "properties": { "cell_id": 6, "walkability_score": 42.2, "score_15min": 6.0 }, "geometry": { "type": "Polygon", "coordinates": [ [ [ 127.022819931433233, 37.493514610999611 ], [ 127.02282061680171, 37.495767128183715 ], [ 127.019993536032629, 37.495767640464521 ], [ 127.019992935569476, 37.493515123238993 ], [ 127.022819931433233, 37.493514610999611 ] ] ] } },
{ "type": "Feature", "properties": { "cell_id": 7, "walkability_score": 48.6, "score_15min": 6.0 }, "geometry": { "type": "Polygon", "coordinates": [ [ [ 127.02282061680171, 37.495767128183715 ], [ 127.022821302246456, 37.498019644506755 ], [ 127.01999413656263, 37.498020156829014 ], [ 127.019993536032629, 37.495767640464521 ], [ 127.02282061680171, 37.495767128183715 ] ] ] } },
{ "type": "Feature", "properties": { "cell_id": 8, "walkability_score": 48.4, "score_15min": 6.0 }, "geometry": { "type": "Polygon", "coordinates": [ [ [ 127.022821302246456, 37.498019644506755 ], [ 127.022821987767543, 37.500272159968745 ], [ 127.019994737159493, 37.500272672332457 ], [ 127.01999413656263, 37.498020156829014 ], [ 127.022821302246456, 37.498019644506755 ] ] ] } },
{ "type": "Feature", "properties": { "cell_id": 9, "walkability_score": 70.4, "score_15min": 6.0 }, "geometry": { "type": "Polygon", "coordinates": [ [ [ 127.022821987767543, 37.500272159968745 ], [ 127.0228226733649, 37.502524674569656 ], [ 127.019995337823161, 37.5025251869748 ], [ 127.019994737159493, 37.500272672332457 ], [ 127.022821987767543, 37.500272159968745 ] ] ] } },
{ "type": "Feature", "properties": { "cell_id": 10, "walkability_score": 64.7, "score_15min": 6.0 }, "geometry": { "type": "Polygon", "coordinates": [ [ [ 127.0228226733649, 37.502524674569656 ], [ 127.022823359038597, 37.504777188309454 ], [ 127.019995938553734, 37.504777700756058 ], [ 127.019995337823161, 37.5025251869748 ], [ 127.0228226733649, 37.502524674569656 ] ] ] } },
{ "type": "Feature", "properties": { "cell_id": 11, "walkability_score": 63.1, "score_15min": 6.0 }, "geometry": { "type": "Polygon", "coordinates": [ [ [ 127.022823359038597, 37.504777188309454 ], [ 127.022824044788635, 37.507029701188145 ], [ 127.019996539351183, 37.507030213676202 ], [ 127.019995938553734, 37.504777700756058 ], [ 127.022823359038597, 37.504777188309454 ] ] ] } },
{ "type": "Feature", "properties": { "cell_id": 12, "walkability_score": 61.1, "score_15min": 6.0 }, "geometry": { "type": "Polygon", "coordinates": [ [ [ 127.022824044788635, 37.507029701188145 ], [ 127.022824730615, 37.509282213205715 ], [ 127.019997140215523, 37.509282725735211 ], [ 127.019996539351183, 37.507030213676202 ], [ 127.022824044788635, 37.507029701188145 ] ] ] } },
{ "type": "Feature", "properties": { "cell_id": 13, "walkability_score": 68.0, "score_15min": 6.0 }, "geometry": { "type": "Polygon", "coordinates": [ [ [ 127.022824730615, 37.509282213205715 ], [ 127.022825416517719, 37.511534724362114 ], [ 127.019997741146724, 37.511535236933085 ], [ 127.019997140215523, 37.509282725735211 ], [ 127.022824730615, 37.509282213205715 ] ] ] } },
{ "type": "Feature", "properties": { "cell_id": 14, "walkability_score": 66.0, "score_15min": 6.0 }, "geometry": { "type": "Polygon", "coordinates": [ [ [ 127.022825416517719, 37.511534724362114 ], [ 127.022826102496779, 37.513787234657357 ], [ 127.019998342144845, 37.513787747269781 ], [ 127.019997741146724, 37.511535236933085 ], [ 127.022825416517719, 37.511534724362114 ] ] ] } },
{ "type": "Feature", "properties": { "cell_id": 15, "walkability_score": 65.8, "score_15min": 6.0 }, "geometry": { "type": "Polygon", "coordinates": [ [ [ 127.022826102496779, 37.513787234657357 ], [ 127.022826788552223, 37.516039744091415 ], [ 127.019998943209856, 37.516040256745306 ], [ 127.019998342144845, 37.513787747269781 ], [ 127.022826102496779, 37.513787234657357 ] ] ] } },
{ "type": "Feature", "properties": { "cell_id": 16, "walkability_score": 72.9, "score_15min": 6.0 }, "geometry": { "type": "Polygon", "coordinates": [ [ [ 127.022826788552223, 37.516039744091415 ], [ 127.022827474684021, 37.518292252664274 ], [ 127.019999544341786, 37.518292765359625 ], [ 127.019998943209856, 37.516040256745306 ], [ 127.022826788552223, 37.516039744091415 ] ] ] } },
{ "type": "Feature", "properties": { "cell_id": 17, "walkability_score": 58.5, "score_15min": 6.0 }, "geometry": { "type": "Polygon", "coordinates": [ [ [ 127.022827474684021, 37.518292252664274 ], [ 127.022828160892232, 37.520544760375898 ], [ 127.020000145540649, 37.52054527311271 ], [ 127.019999544341786, 37.518292765359625 ], [ 127.022827474684021, 37.518292252664274 ] ] ] } },
{ "type": "Feature", "properties": { "cell_id": 18, "walkability_score": 22.1, "score_15min": 4.0 }, "geometry": { "type": "Polygon", "coordinates": [ [ [ 127.025642307378121, 37.479998910208344 ], [ 127.025643077137644, 37.482251432511433 ], [ 127.022816505734994, 37.482252012164111 ], [ 127.022815820824093, 37.479999489814119 ], [ 127.025642307378121, 37.479998910208344 ] ] ] } },
{ "type": "Feature", "properties": { "cell_id": 19, "walkability_score": 35.1, "score_15min": 4.0 }, "geometry": { "type": "Polygon", "coordinates": [ [ [ 127.025643077137644, 37.482251432511433 ], [ 127.025643846982845, 37.484503953953585 ], [ 127.022817190722122, 37.484504533653151 ], [ 127.022816505734994, 37.482252012164111 ], [ 127.025643077137644, 37.482251432511433 ] ] ] } },
{ "type": "Feature", "properties": { "cell_id": 20, "walkability_score": 40.5, "score_15min": 4.0 }, "geometry": { "type": "Polygon", "coordinates": [ [ [ 127.025643846982845, 37.484503953953585 ], [ 127.025644616913738, 37.486756474534779 ], [ 127.022817875785506, 37.486757054281249 ], [ 127.022817190722122, 37.484504533653151 ], [ 127.025643846982845, 37.484503953953585 ] ] ] } },
{ "type": "Feature", "properties": { "cell_id": 21, "walkability_score": 37.4, "score_15min": 4.0 }, "geometry": { "type": "Polygon", "coordinates": [ [ [ 127.025644616913738, 37.486756474534779 ], [ 127.02564538693035, 37.489008994254995 ], [ 127.022818560925131, 37.489009574048374 ], [ 127.022817875785506, 37.486757054281249 ], [ 127.025644616913738, 37.486756474534779 ] ] ] } },
{ "type": "Feature", "properties": { "cell_id": 22, "walkability_score": 39.9, "score_15min": 5.0 }, "geometry": { "type": "Polygon", "coordinates": [ [ [ 127.02564538693035, 37.489008994254995 ], [ 127.025646157032654, 37.491261513114218 ], [ 127.022819246141054, 37.491262092954493 ], [ 127.022818560925131, 37.489009574048374 ], [ 127.02564538693035, 37.489008994254995 ] ] ] } },
{ "type": "Feature", "properties": { "cell_id": 23, "walkability_score": 45.8, "score_15min": 6.0 }, "geometry": { "type": "Polygon", "coordinates": [ [ [ 127.025646157032654, 37.491261513114218 ], [ 127.025646927220691, 37.493514031112426 ], [ 127.022819931433233, 37.493514610999611 ], [ 127.022819246141054, 37.491262092954493 ], [ 127.025646157032654, 37.491261513114218 ] ] ] } },
{ "type": "Feature", "properties": { "cell_id": 24, "walkability_score": 47.1, "score_15min": 6.0 }, "geometry": { "type": "Polygon", "coordinates": [ [ [ 127.025646927220691, 37.493514031112426 ], [ 127.025647697494477, 37.495766548249605 ], [ 127.02282061680171, 37.495767128183715 ], [ 127.022819931433233, 37.493514610999611 ], [ 127.025646927220691, 37.493514031112426 ] ] ] } },
{ "type": "Feature", "properties": { "cell_id": 25, "walkability_score": 63.4, "score_15min": 6.0 }, "geometry": { "type": "Polygon", "coordinates": [ [ [ 127.025647697494477, 37.495766548249605 ], [ 127.025648467853998, 37.498019064525735 ], [ 127.022821302246456, 37.498019644506755 ], [ 127.02282061680171, 37.495767128183715 ], [ 127.025647697494477, 37.495766548249605 ] ] ] } },
{ "type": "Feature", "properties": { "cell_id": 26, "walkability_score": 64.7, "score_15min": 6.0 }, "geometry": { "type": "Polygon", "coordinates": [ [ [ 127.025648467853998, 37.498019064525735 ], [ 127.02564923829928, 37.500271579940801 ], [ 127.022821987767543, 37.500272159968745 ], [ 127.022821302246456, 37.498019644506755 ], [ 127.025648467853998, 37.498019064525735 ] ] ] } },
{ "type": "Feature", "properties": { "cell_id": 27, "walkability_score": 73.4, "score_15min": 6.0 }, "geometry": { "type": "Polygon", "coordinates": [ [ [ 127.02564923829928, 37.500271579940801 ], [ 127.025650008830297, 37.502524094494802 ], [ 127.0228226733649, 37.502524674569656 ], [ 127.022821987767543, 37.500272159968745 ], [ 127.02564923829928, 37.500271579940801 ] ] ] } },
{ "type": "Feature", "properties": { "cell_id": 28, "walkability_score": 73.6, "score_15min": 6.0 }, "geometry": { "type": "Polygon", "coordinates": [ [ [ 127.025650008830297, 37.502524094494802 ], [ 127.025650779447119, 37.504776608187669 ], [ 127.022823359038597, 37.504777188309454 ], [ 127.0228226733649, 37.502524674569656 ], [ 127.025650008830297, 37.502524094494802 ] ] ] } },
{ "type": "Feature", "properties": { "cell_id": 29, "walkability_score": 68.9, "score_15min": 6.0 }, "geometry": { "type": "Polygon", "coordinates": [ [ [ 127.025650779447119, 37.504776608187669 ], [ 127.025651550149718, 37.50702912101945 ], [ 127.022824044788635, 37.507029701188145 ], [ 127.022823359038597, 37.504777188309454 ], [ 127.025650779447119, 37.504776608187669 ] ] ] } },
{ "type": "Feature", "properties": { "cell_id": 30, "walkability_score": 57.0, "score_15min": 6.0 }, "geometry": { "type": "Polygon", "coordinates": [ [ [ 127.025651550149718, 37.50702912101945 ], [ 127.025652320938107, 37.509281632990081 ], [ 127.022824730615, 37.509282213205715 ], [ 127.022824044788635, 37.507029701188145 ], [ 127.025651550149718, 37.50702912101945 ] ] ] } },
{ "type": "Feature", "properties": { "cell_id": 31, "walkability_score": 63.3, "score_15min": 6.0 }, "geometry": { "type": "Polygon", "coordinates": [ [ [ 127.025652320938107, 37.509281632990081 ], [ 127.02565309181233, 37.511534144099556 ], [ 127.022825416517719, 37.511534724362114 ], [ 127.022824730615, 37.509282213205715 ], [ 127.025652320938107, 37.509281632990081 ] ] ] } },
{ "type": "Feature", "properties": { "cell_id": 32, "walkability_score": 55.7, "score_15min": 6.0 }, "geometry": { "type": "Polygon", "coordinates": [ [ [ 127.02565309181233, 37.511534144099556 ], [ 127.025653862772344, 37.513786654347868 ], [ 127.022826102496779, 37.513787234657357 ], [ 127.022825416517719, 37.511534724362114 ], [ 127.02565309181233, 37.511534144099556 ] ] ] } },
{ "type": "Feature", "properties": { "cell_id": 33, "walkability_score": 50.9, "score_15min": 6.0 }, "geometry": { "type": "Polygon", "coordinates": [ [ [ 127.025653862772344, 37.513786654347868 ], [ 127.025654633818192, 37.51603916373498 ], [ 127.022826788552223, 37.516039744091415 ], [ 127.022826102496779, 37.513787234657357 ], [ 127.025653862772344, 37.513786654347868 ] ] ] } },
{ "type": "Feature", "properties": { "cell_id": 34, "walkability_score": 67.4, "score_15min": 6.0 }, "geometry": { "type": "Polygon", "coordinates": [ [ [ 127.025654633818192, 37.51603916373498 ], [ 127.025655404949887, 37.518291672260894 ], [ 127.022827474684021, 37.518292252664274 ], [ 127.022826788552223, 37.516039744091415 ], [ 127.025654633818192, 37.51603916373498 ] ] ] } },
{ "type": "Feature", "properties": { "cell_id": 35, "walkability_score": 65.4, "score_15min": 6.0 }, "geometry": { "type": "Polygon", "coordinates": [ [ [ 127.025655404949887, 37.518291672260894 ], [ 127.025656176167402, 37.520544179925579 ], [ 127.022828160892232, 37.520544760375898 ], [ 127.022827474684021, 37.518292252664274 ], [ 127.025655404949887, 37.518291672260894 ] ] ] } },
{ "type": "Feature", "properties": { "cell_id": 36, "walkability_score": 19.7, "score_15min": 5.0 }, "geometry": { "type": "Polygon", "coordinates": [ [ [ 127.028468793846486, 37.4799982629876 ], [ 127.028469648454603, 37.482250785238321 ], [ 127.025643077137644, 37.482251432511433 ], [ 127.025642307378121, 37.479998910208344 ], [ 127.028468793846486, 37.4799982629876 ] ] ] } },
{ "type": "Feature", "properties": { "cell_id": 37, "walkability_score": 29.9, "score_15min": 5.0 }, "geometry": { "type": "Polygon", "coordinates": [ [ [ 127.028469648454603, 37.482250785238321 ], [ 127.028470503157862, 37.484503306628099 ], [ 127.025643846982845, 37.484503953953585 ], [ 127.025643077137644, 37.482251432511433 ], [ 127.028469648454603, 37.482250785238321 ] ] ] } },
{ "type": "Feature", "properties": { "cell_id": 38, "walkability_score": 42.6, "score_15min": 5.0 }, "geometry": { "type": "Polygon", "coordinates": [ [ [ 127.028470503157862, 37.484503306628099 ], [ 127.028471357956263, 37.486755827156919 ], [ 127.025644616913738, 37.486756474534779 ], [ 127.025643846982845, 37.484503953953585 ], [ 127.028470503157862, 37.484503306628099 ] ] ] } },
{ "type": "Feature", "properties": { "cell_id": 39, "walkability_score": 53.8, "score_15min": 5.0 }, "geometry": { "type": "Polygon", "coordinates": [ [ [ 127.028471357956263, 37.486755827156919 ], [ 127.02847221284982, 37.489008346824768 ], [ 127.02564538693035, 37.489008994254995 ], [ 127.025644616913738, 37.486756474534779 ], [ 127.028471357956263, 37.486755827156919 ] ] ] } },
{ "type": "Feature", "properties": { "cell_id": 40, "walkability_score": 47.5, "score_15min": 6.0 }, "geometry": { "type": "Polygon", "coordinates": [ [ [ 127.02847221284982, 37.489008346824768 ], [ 127.028473067838533, 37.49126086563161 ], [ 127.025646157032654, 37.491261513114218 ], [ 127.02564538693035, 37.489008994254995 ], [ 127.02847221284982, 37.489008346824768 ] ] ] } },
{ "type": "Feature", "properties": { "cell_id": 41, "walkability_score": 58.8, "score_15min": 6.0 }, "geometry": { "type": "Polygon", "coordinates": [ [ [ 127.028473067838533, 37.49126086563161 ], [ 127.028473922922416, 37.493513383577429 ], [ 127.025646927220691, 37.493514031112426 ], [ 127.025646157032654, 37.491261513114218 ], [ 127.028473067838533, 37.49126086563161 ] ] ] } },
{ "type": "Feature", "properties": { "cell_id": 42, "walkability_score": 60.4, "score_15min": 6.0 }, "geometry": { "type": "Polygon", "coordinates": [ [ [ 127.028473922922416, 37.493513383577429 ], [ 127.028474778101497, 37.495765900662221 ], [ 127.025647697494477, 37.495766548249605 ], [ 127.025646927220691, 37.493514031112426 ], [ 127.028473922922416, 37.493513383577429 ] ] ] } },
{ "type": "Feature", "properties": { "cell_id": 43, "walkability_score": 68.0, "score_15min": 6.0 }, "geometry": { "type": "Polygon", "coordinates": [ [ [ 127.028474778101497, 37.495765900662221 ], [ 127.028475633375749, 37.498018416885969 ], [ 127.025648467853998, 37.498019064525735 ], [ 127.025647697494477, 37.495766548249605 ], [ 127.028474778101497, 37.495765900662221 ] ] ] } },
{ "type": "Feature", "properties": { "cell_id": 44, "walkability_score": 78.7, "score_15min": 6.0 }, "geometry": { "type": "Polygon", "coordinates": [ [ [ 127.028475633375749, 37.498018416885969 ], [ 127.028476488745241, 37.500270932248654 ], [ 127.02564923829928, 37.500271579940801 ], [ 127.025648467853998, 37.498019064525735 ], [ 127.028475633375749, 37.498018416885969 ] ] ] } },
{ "type": "Feature", "properties": { "cell_id": 45, "walkability_score": 68.5, "score_15min": 6.0 }, "geometry": { "type": "Polygon", "coordinates": [ [ [ 127.028476488745241, 37.500270932248654 ], [ 127.028477344209932, 37.502523446750239 ], [ 127.025650008830297, 37.502524094494802 ], [ 127.02564923829928, 37.500271579940801 ], [ 127.028476488745241, 37.500270932248654 ] ] ] } },
{ "type": "Feature", "properties": { "cell_id": 46, "walkability_score": 65.8, "score_15min": 6.0 }, "geometry": { "type": "Polygon", "coordinates": [ [ [ 127.028477344209932, 37.502523446750239 ], [ 127.02847819976985, 37.504775960390724 ], [ 127.025650779447119, 37.504776608187669 ], [ 127.025650008830297, 37.502524094494802 ], [ 127.028477344209932, 37.502523446750239 ] ] ] } },
{ "type": "Feature", "properties": { "cell_id": 47, "walkability_score": 61.4, "score_15min": 6.0 }, "geometry": { "type": "Polygon", "coordinates": [ [ [ 127.02847819976985, 37.504775960390724 ], [ 127.028479055425038, 37.507028473170095 ], [ 127.025651550149718, 37.50702912101945 ], [ 127.025650779447119, 37.504776608187669 ], [ 127.02847819976985, 37.504775960390724 ] ] ] } },
{ "type": "Feature", "properties": { "cell_id": 48, "walkability_score": 57.0, "score_15min": 6.0 }, "geometry": { "type": "Polygon", "coordinates": [ [ [ 127.028479055425038, 37.507028473170095 ], [ 127.028479911175467, 37.509280985088324 ], [ 127.025652320938107, 37.509281632990081 ], [ 127.025651550149718, 37.50702912101945 ], [ 127.028479055425038, 37.507028473170095 ] ] ] } },
{ "type": "Feature", "properties": { "cell_id": 49, "walkability_score": 54.1, "score_15min": 6.0 }, "geometry": { "type": "Polygon", "coordinates": [ [ [ 127.028479911175467, 37.509280985088324 ], [ 127.028480767021151, 37.51153349614539 ], [ 127.02565309181233, 37.511534144099556 ], [ 127.025652320938107, 37.509281632990081 ], [ 127.028479911175467, 37.509280985088324 ] ] ] } },
{ "type": "Feature", "properties": { "cell_id": 50, "walkability_score": 52.6, "score_15min": 6.0 }, "geometry": { "type": "Polygon", "coordinates": [ [ [ 127.028480767021151, 37.51153349614539 ], [ 127.028481622962104, 37.513786006341284 ], [ 127.025653862772344, 37.513786654347868 ], [ 127.02565309181233, 37.511534144099556 ], [ 127.028480767021151, 37.51153349614539 ] ] ] } },
{ "type": "Feature", "properties": { "cell_id": 51, "walkability_score": 54.5, "score_15min": 6.0 }, "geometry": { "type": "Polygon", "coordinates": [ [ [ 127.028481622962104, 37.513786006341284 ], [ 127.028482478998342, 37.516038515675994 ], [ 127.025654633818192, 37.51603916373498 ], [ 127.025653862772344, 37.513786654347868 ], [ 127.028481622962104, 37.513786006341284 ] ] ] } },
{ "type": "Feature", "properties": { "cell_id": 52, "walkability_score": 58.2, "score_15min": 6.0 }, "geometry": { "type": "Polygon", "coordinates": [ [ [ 127.028482478998342, 37.516038515675994 ], [ 127.028483335129877, 37.518291024149491 ], [ 127.025655404949887, 37.518291672260894 ], [ 127.025654633818192, 37.51603916373498 ], [ 127.028482478998342, 37.516038515675994 ] ] ] } },
{ "type": "Feature", "properties": { "cell_id": 53, "walkability_score": 55.7, "score_15min": 6.0 }, "geometry": { "type": "Polygon", "coordinates": [ [ [ 127.028483335129877, 37.518291024149491 ], [ 127.028484191356753, 37.52054353176176 ], [ 127.025656176167402, 37.520544179925579 ], [ 127.025655404949887, 37.518291672260894 ], [ 127.028483335129877, 37.518291024149491 ] ] ] } },
{ "type": "Feature", "properties": { "cell_id": 54, "walkability_score": 26.6, "score_15min": 5.0 }, "geometry": { "type": "Polygon", "coordinates": [ [ [ 127.031295280219737, 37.479997548151871 ], [ 127.031296219676449, 37.482250070344769 ], [ 127.028469648454603, 37.482250785238321 ], [ 127.028468793846486, 37.4799982629876 ], [ 127.031295280219737, 37.479997548151871 ] ] ] } },
{ "type": "Feature", "properties": { "cell_id": 55, "walkability_score": 45.5, "score_15min": 5.0 }, "geometry": { "type": "Polygon", "coordinates": [ [ [ 127.031296219676449, 37.482250070344769 ], [ 127.031297159237752, 37.484502591676709 ], [ 127.028470503157862, 37.484503306628099 ], [ 127.028469648454603, 37.482250785238321 ], [ 127.031296219676449, 37.482250070344769 ] ] ] } },
{ "type": "Feature", "properties": { "cell_id": 56, "walkability_score": 56.3, "score_15min": 5.0 }, "geometry": { "type": "Polygon", "coordinates": [ [ [ 127.031297159237752, 37.484502591676709 ], [ 127.031298098903648, 37.486755112147691 ], [ 127.028471357956263, 37.486755827156919 ], [ 127.028470503157862, 37.484503306628099 ], [ 127.031297159237752, 37.484502591676709 ] ] ] } },
{ "type": "Feature", "properties": { "cell_id": 57, "walkability_score": 56.1, "score_15min": 6.0 }, "geometry": { "type": "Polygon", "coordinates": [ [ [ 127.031298098903648, 37.486755112147691 ], [ 127.031299038674135, 37.48900763175768 ], [ 127.02847221284982, 37.489008346824768 ], [ 127.028471357956263, 37.486755827156919 ], [ 127.031298098903648, 37.486755112147691 ] ] ] } },
{ "type": "Feature", "properties": { "cell_id": 58, "walkability_score": 55.9, "score_15min": 6.0 }, "geometry": { "type": "Polygon", "coordinates": [ [ [ 127.031299038674135, 37.48900763175768 ], [ 127.031299978549228, 37.491260150506676 ], [ 127.028473067838533, 37.49126086563161 ], [ 127.02847221284982, 37.489008346824768 ], [ 127.031299038674135, 37.48900763175768 ] ] ] } },
{ "type": "Feature", "properties": { "cell_id": 59, "walkability_score": 57.2, "score_15min": 6.0 }, "geometry": { "type": "Polygon", "coordinates": [ [ [ 127.031299978549228, 37.491260150506676 ], [ 127.031300918528956, 37.493512668394636 ], [ 127.028473922922416, 37.493513383577429 ], [ 127.028473067838533, 37.49126086563161 ], [ 127.031299978549228, 37.491260150506676 ] ] ] } },
{ "type": "Feature", "properties": { "cell_id": 60, "walkability_score": 66.9, "score_15min": 6.0 }, "geometry": { "type": "Polygon", "coordinates": [ [ [ 127.031300918528956, 37.493512668394636 ], [ 127.031301858613318, 37.495765185421583 ], [ 127.028474778101497, 37.495765900662221 ], [ 127.028473922922416, 37.493513383577429 ], [ 127.031300918528956, 37.493512668394636 ] ] ] } },
{ "type": "Feature", "properties": { "cell_id": 61, "walkability_score": 72.3, "score_15min": 6.0 }, "geometry": { "type": "Polygon", "coordinates": [ [ [ 127.031301858613318, 37.495765185421583 ], [ 127.031302798802329, 37.498017701587465 ], [ 127.028475633375749, 37.498018416885969 ], [ 127.028474778101497, 37.495765900662221 ], [ 127.031301858613318, 37.495765185421583 ] ] ] } },
{ "type": "Feature", "properties": { "cell_id": 62, "walkability_score": 73.8, "score_15min": 6.0 }, "geometry": { "type": "Polygon", "coordinates": [ [ [ 127.031302798802329, 37.498017701587465 ], [ 127.031303739096003, 37.500270216892275 ], [ 127.028476488745241, 37.500270932248654 ], [ 127.028475633375749, 37.498018416885969 ], [ 127.031302798802329, 37.498017701587465 ] ] ] } },
{ "type": "Feature", "properties": { "cell_id": 63, "walkability_score": 53.8, "score_15min": 6.0 }, "geometry": { "type": "Polygon", "coordinates": [ [ [ 127.031303739096003, 37.500270216892275 ], [ 127.03130467949434, 37.502522731335993 ], [ 127.028477344209932, 37.502523446750239 ], [ 127.028476488745241, 37.500270932248654 ], [ 127.031303739096003, 37.500270216892275 ] ] ] } },
{ "type": "Feature", "properties": { "cell_id": 64, "walkability_score": 51.0, "score_15min": 6.0 }, "geometry": { "type": "Polygon", "coordinates": [ [ [ 127.03130467949434, 37.502522731335993 ], [ 127.031305619997369, 37.504775244918619 ], [ 127.02847819976985, 37.504775960390724 ], [ 127.028477344209932, 37.502523446750239 ], [ 127.03130467949434, 37.502522731335993 ] ] ] } },
{ "type": "Feature", "properties": { "cell_id": 65, "walkability_score": 59.6, "score_15min": 6.0 }, "geometry": { "type": "Polygon", "coordinates": [ [ [ 127.031305619997369, 37.504775244918619 ], [ 127.031306560605088, 37.507027757640103 ], [ 127.028479055425038, 37.507028473170095 ], [ 127.02847819976985, 37.504775960390724 ], [ 127.031305619997369, 37.504775244918619 ] ] ] } },
{ "type": "Feature", "properties": { "cell_id": 66, "walkability_score": 54.8, "score_15min": 6.0 }, "geometry": { "type": "Polygon", "coordinates": [ [ [ 127.031306560605088, 37.507027757640103 ], [ 127.031307501317514, 37.509280269500458 ], [ 127.028479911175467, 37.509280985088324 ], [ 127.028479055425038, 37.507028473170095 ], [ 127.031306560605088, 37.507027757640103 ] ] ] } },
{ "type": "Feature", "properties": { "cell_id": 67, "walkability_score": 49.1, "score_15min": 6.0 }, "geometry": { "type": "Polygon", "coordinates": [ [ [ 127.031307501317514, 37.509280269500458 ], [ 127.031308442134673, 37.51153278049965 ], [ 127.028480767021151, 37.51153349614539 ], [ 127.028479911175467, 37.509280985088324 ], [ 127.031307501317514, 37.509280269500458 ] ] ] } },
{ "type": "Feature", "properties": { "cell_id": 68, "walkability_score": 60.5, "score_15min": 6.0 }, "geometry": { "type": "Polygon", "coordinates": [ [ [ 127.031308442134673, 37.51153278049965 ], [ 127.031309383056566, 37.513785290637664 ], [ 127.028481622962104, 37.513786006341284 ], [ 127.028480767021151, 37.51153349614539 ], [ 127.031308442134673, 37.51153278049965 ] ] ] } },
{ "type": "Feature", "properties": { "cell_id": 69, "walkability_score": 69.1, "score_15min": 6.0 }, "geometry": { "type": "Polygon", "coordinates": [ [ [ 127.031309383056566, 37.513785290637664 ], [ 127.031310324083179, 37.516037799914479 ], [ 127.028482478998342, 37.516038515675994 ], [ 127.028481622962104, 37.513786006341284 ], [ 127.031309383056566, 37.513785290637664 ] ] ] } },
{ "type": "Feature", "properties": { "cell_id": 70, "walkability_score": 59.2, "score_15min": 6.0 }, "geometry": { "type": "Polygon", "coordinates": [ [ [ 127.031310324083179, 37.516037799914479 ], [ 127.031311265214583, 37.518290308330087 ], [ 127.028483335129877, 37.518291024149491 ], [ 127.028482478998342, 37.516038515675994 ], [ 127.031310324083179, 37.516037799914479 ] ] ] } },
{ "type": "Feature", "properties": { "cell_id": 71, "walkability_score": 61.8, "score_15min": 6.0 }, "geometry": { "type": "Polygon", "coordinates": [ [ [ 127.031311265214583, 37.518290308330087 ], [ 127.03131220645075, 37.520542815884447 ], [ 127.028484191356753, 37.52054353176176 ], [ 127.028483335129877, 37.518291024149491 ], [ 127.031311265214583, 37.518290308330087 ] ] ] } },
{ "type": "Feature", "properties": { "cell_id": 72, "walkability_score": 32.5, "score_15min": 5.0 }, "geometry": { "type": "Polygon", "coordinates": [ [ [ 127.034121766488411, 37.479996765701202 ], [ 127.034122790793731, 37.482249287830783 ], [ 127.031296219676449, 37.482250070344769 ], [ 127.031295280219737, 37.479997548151871 ], [ 127.034121766488411, 37.479996765701202 ] ] ] } },
{ "type": "Feature", "properties": { "cell_id": 73, "walkability_score": 53.2, "score_15min": 5.0 }, "geometry": { "type": "Polygon", "coordinates": [ [ [ 127.034122790793731, 37.482249287830783 ], [ 127.034123815213064, 37.48450180909942 ], [ 127.031297159237752, 37.484502591676709 ], [ 127.031296219676449, 37.482250070344769 ], [ 127.034122790793731, 37.482249287830783 ] ] ] } },
{ "type": "Feature", "properties": { "cell_id": 74, "walkability_score": 62.4, "score_15min": 5.0 }, "geometry": { "type": "Polygon", "coordinates": [ [ [ 127.034123815213064, 37.48450180909942 ], [ 127.03412483974644, 37.486754329507072 ], [ 127.031298098903648, 37.486755112147691 ], [ 127.031297159237752, 37.484502591676709 ], [ 127.034123815213064, 37.48450180909942 ] ] ] } },
{ "type": "Feature", "properties": { "cell_id": 75, "walkability_score": 62.1, "score_15min": 6.0 }, "geometry": { "type": "Polygon", "coordinates": [ [ [ 127.03412483974644, 37.486754329507072 ], [ 127.034125864393829, 37.489006849053744 ], [ 127.031299038674135, 37.48900763175768 ], [ 127.031298098903648, 37.486755112147691 ], [ 127.03412483974644, 37.486754329507072 ] ] ] } },
{ "type": "Feature", "properties": { "cell_id": 76, "walkability_score": 48.7, "score_15min": 6.0 }, "geometry": { "type": "Polygon", "coordinates": [ [ [ 127.034125864393829, 37.489006849053744 ], [ 127.034126889155317, 37.49125936773941 ], [ 127.031299978549228, 37.491260150506676 ], [ 127.031299038674135, 37.48900763175768 ], [ 127.034125864393829, 37.489006849053744 ] ] ] } },
{ "type": "Feature", "properties": { "cell_id": 77, "walkability_score": 55.1, "score_15min": 6.0 }, "geometry": { "type": "Polygon", "coordinates": [ [ [ 127.034126889155317, 37.49125936773941 ], [ 127.034127914030847, 37.493511885564061 ], [ 127.031300918528956, 37.493512668394636 ], [ 127.031299978549228, 37.491260150506676 ], [ 127.034126889155317, 37.49125936773941 ] ] ] } },
{ "type": "Feature", "properties": { "cell_id": 78, "walkability_score": 65.0, "score_15min": 6.0 }, "geometry": { "type": "Polygon", "coordinates": [ [ [ 127.034127914030847, 37.493511885564061 ], [ 127.034128939020505, 37.495764402527669 ], [ 127.031301858613318, 37.495765185421583 ], [ 127.031300918528956, 37.493512668394636 ], [ 127.034127914030847, 37.493511885564061 ] ] ] } },
{ "type": "Feature", "properties": { "cell_id": 79, "walkability_score": 69.3, "score_15min": 6.0 }, "geometry": { "type": "Polygon", "coordinates": [ [ [ 127.034128939020505, 37.495764402527669 ], [ 127.034129964124247, 37.498016918630213 ], [ 127.031302798802329, 37.498017701587465 ], [ 127.031301858613318, 37.495765185421583 ], [ 127.034128939020505, 37.495764402527669 ] ] ] } },
{ "type": "Feature", "properties": { "cell_id": 80, "walkability_score": 70.7, "score_15min": 6.0 }, "geometry": { "type": "Polygon", "coordinates": [ [ [ 127.034129964124247, 37.498016918630213 ], [ 127.034130989342074, 37.500269433871694 ], [ 127.031303739096003, 37.500270216892275 ], [ 127.031302798802329, 37.498017701587465 ], [ 127.034129964124247, 37.498016918630213 ] ] ] } },
{ "type": "Feature", "properties": { "cell_id": 81, "walkability_score": 63.4, "score_15min": 6.0 }, "geometry": { "type": "Polygon", "coordinates": [ [ [ 127.034130989342074, 37.500269433871694 ], [ 127.034132014674057, 37.502521948252074 ], [ 127.03130467949434, 37.502522731335993 ], [ 127.031303739096003, 37.500270216892275 ], [ 127.034130989342074, 37.500269433871694 ] ] ] } },
{ "type": "Feature", "properties": { "cell_id": 82, "walkability_score": 50.0, "score_15min": 6.0 }, "geometry": { "type": "Polygon", "coordinates": [ [ [ 127.034132014674057, 37.502521948252074 ], [ 127.034133040120139, 37.504774461771333 ], [ 127.031305619997369, 37.504775244918619 ], [ 127.03130467949434, 37.502522731335993 ], [ 127.034132014674057, 37.502521948252074 ] ] ] } },
{ "type": "Feature", "properties": { "cell_id": 83, "walkability_score": 60.0, "score_15min": 6.0 }, "geometry": { "type": "Polygon", "coordinates": [ [ [ 127.034133040120139, 37.504774461771333 ], [ 127.034134065680405, 37.507026974429486 ], [ 127.031306560605088, 37.507027757640103 ], [ 127.031305619997369, 37.504775244918619 ], [ 127.034133040120139, 37.504774461771333 ] ] ] } },
{ "type": "Feature", "properties": { "cell_id": 84, "walkability_score": 61.1, "score_15min": 6.0 }, "geometry": { "type": "Polygon", "coordinates": [ [ [ 127.034134065680405, 37.507026974429486 ], [ 127.034135091354841, 37.509279486226482 ], [ 127.031307501317514, 37.509280269500458 ], [ 127.031306560605088, 37.507027757640103 ], [ 127.034134065680405, 37.507026974429486 ] ] ] } },
{ "type": "Feature", "properties": { "cell_id": 85, "walkability_score": 59.0, "score_15min": 6.0 }, "geometry": { "type": "Polygon", "coordinates": [ [ [ 127.034135091354841, 37.509279486226482 ], [ 127.034136117143476, 37.511531997162315 ], [ 127.031308442134673, 37.51153278049965 ], [ 127.031307501317514, 37.509280269500458 ], [ 127.034135091354841, 37.509279486226482 ] ] ] } },
{ "type": "Feature", "properties": { "cell_id": 86, "walkability_score": 58.1, "score_15min": 6.0 }, "geometry": { "type": "Polygon", "coordinates": [ [ [ 127.034136117143476, 37.511531997162315 ], [ 127.034137143046266, 37.51378450723697 ], [ 127.031309383056566, 37.513785290637664 ], [ 127.031308442134673, 37.51153278049965 ], [ 127.034136117143476, 37.511531997162315 ] ] ] } },
{ "type": "Feature", "properties": { "cell_id": 87, "walkability_score": 67.4, "score_15min": 6.0 }, "geometry": { "type": "Polygon", "coordinates": [ [ [ 127.034137143046266, 37.51378450723697 ], [ 127.034138169063283, 37.516037016450419 ], [ 127.031310324083179, 37.516037799914479 ], [ 127.031309383056566, 37.513785290637664 ], [ 127.034137143046266, 37.51378450723697 ] ] ] } },
{ "type": "Feature", "properties": { "cell_id": 88, "walkability_score": 51.9, "score_15min": 6.0 }, "geometry": { "type": "Polygon", "coordinates": [ [ [ 127.034138169063283, 37.516037016450419 ], [ 127.034139195194527, 37.518289524802661 ], [ 127.031311265214583, 37.518290308330087 ], [ 127.031310324083179, 37.516037799914479 ], [ 127.034138169063283, 37.516037016450419 ] ] ] } },
{ "type": "Feature", "properties": { "cell_id": 89, "walkability_score": 50.1, "score_15min": 6.0 }, "geometry": { "type": "Polygon", "coordinates": [ [ [ 127.034139195194527, 37.518289524802661 ], [ 127.034140221439984, 37.520542032293655 ], [ 127.03131220645075, 37.520542815884447 ], [ 127.031311265214583, 37.518290308330087 ], [ 127.034139195194527, 37.518289524802661 ] ] ] } },
{ "type": "Feature", "properties": { "cell_id": 90, "walkability_score": 44.1, "score_15min": 5.0 }, "geometry": { "type": "Polygon", "coordinates": [ [ [ 127.036948252643086, 37.47999591563557 ], [ 127.036949361796985, 37.482248437696363 ], [ 127.034122790793731, 37.482249287830783 ], [ 127.034121766488411, 37.479996765701202 ], [ 127.036948252643086, 37.47999591563557 ] ] ] } },
{ "type": "Feature", "properties": { "cell_id": 91, "walkability_score": 60.7, "score_15min": 5.0 }, "geometry": { "type": "Polygon", "coordinates": [ [ [ 127.036949361796985, 37.482248437696363 ], [ 127.036950471074334, 37.48450095889622 ], [ 127.034123815213064, 37.48450180909942 ], [ 127.034122790793731, 37.482249287830783 ], [ 127.036949361796985, 37.482248437696363 ] ] ] } },
{ "type": "Feature", "properties": { "cell_id": 92, "walkability_score": 63.0, "score_15min": 5.0 }, "geometry": { "type": "Polygon", "coordinates": [ [ [ 127.036950471074334, 37.48450095889622 ], [ 127.036951580475161, 37.486753479235091 ], [ 127.03412483974644, 37.486754329507072 ], [ 127.034123815213064, 37.48450180909942 ], [ 127.036950471074334, 37.48450095889622 ] ] ] } },
{ "type": "Feature", "properties": { "cell_id": 93, "walkability_score": 49.1, "score_15min": 6.0 }, "geometry": { "type": "Polygon", "coordinates": [ [ [ 127.036951580475161, 37.486753479235091 ], [ 127.036952689999495, 37.489005998712976 ], [ 127.034125864393829, 37.489006849053744 ], [ 127.03412483974644, 37.486754329507072 ], [ 127.036951580475161, 37.486753479235091 ] ] ] } },
{ "type": "Feature", "properties": { "cell_id": 94, "walkability_score": 50.4, "score_15min": 6.0 }, "geometry": { "type": "Polygon", "coordinates": [ [ [ 127.036952689999495, 37.489005998712976 ], [ 127.036953799647321, 37.491258517329847 ], [ 127.034126889155317, 37.49125936773941 ], [ 127.034125864393829, 37.489006849053744 ], [ 127.036952689999495, 37.489005998712976 ] ] ] } },
{ "type": "Feature", "properties": { "cell_id": 95, "walkability_score": 50.5, "score_15min": 6.0 }, "geometry": { "type": "Polygon", "coordinates": [ [ [ 127.036953799647321, 37.491258517329847 ], [ 127.036954909418668, 37.493511035085682 ], [ 127.034127914030847, 37.493511885564061 ], [ 127.034126889155317, 37.49125936773941 ], [ 127.036953799647321, 37.491258517329847 ] ] ] } },
{ "type": "Feature", "properties": { "cell_id": 96, "walkability_score": 61.5, "score_15min": 6.0 }, "geometry": { "type": "Polygon", "coordinates": [ [ [ 127.036954909418668, 37.493511035085682 ], [ 127.036956019313578, 37.495763551980502 ], [ 127.034128939020505, 37.495764402527669 ], [ 127.034127914030847, 37.493511885564061 ], [ 127.036954909418668, 37.493511035085682 ] ] ] } },
{ "type": "Feature", "properties": { "cell_id": 97, "walkability_score": 60.7, "score_15min": 6.0 }, "geometry": { "type": "Polygon", "coordinates": [ [ [ 127.036956019313578, 37.495763551980502 ], [ 127.036957129332023, 37.498016068014245 ], [ 127.034129964124247, 37.498016918630213 ], [ 127.034128939020505, 37.495764402527669 ], [ 127.036956019313578, 37.495763551980502 ] ] ] } },
{ "type": "Feature", "properties": { "cell_id": 98, "walkability_score": 69.8, "score_15min": 6.0 }, "geometry": { "type": "Polygon", "coordinates": [ [ [ 127.036957129332023, 37.498016068014245 ], [ 127.036958239474032, 37.500268583186916 ], [ 127.034130989342074, 37.500269433871694 ], [ 127.034129964124247, 37.498016918630213 ], [ 127.036957129332023, 37.498016068014245 ] ] ] } },
{ "type": "Feature", "properties": { "cell_id": 99, "walkability_score": 68.8, "score_15min": 6.0 }, "geometry": { "type": "Polygon", "coordinates": [ [ [ 127.036958239474032, 37.500268583186916 ], [ 127.036959349739618, 37.502521097498473 ], [ 127.034132014674057, 37.502521948252074 ], [ 127.034130989342074, 37.500269433871694 ], [ 127.036958239474032, 37.500268583186916 ] ] ] } },
{ "type": "Feature", "properties": { "cell_id": 100, "walkability_score": 56.8, "score_15min": 6.0 }, "geometry": { "type": "Polygon", "coordinates": [ [ [ 127.036959349739618, 37.502521097498473 ], [ 127.03696046012881, 37.504773610948924 ], [ 127.034133040120139, 37.504774461771333 ], [ 127.034132014674057, 37.502521948252074 ], [ 127.036959349739618, 37.502521097498473 ] ] ] } },
{ "type": "Feature", "properties": { "cell_id": 101, "walkability_score": 61.9, "score_15min": 6.0 }, "geometry": { "type": "Polygon", "coordinates": [ [ [ 127.03696046012881, 37.504773610948924 ], [ 127.036961570641594, 37.507026123538246 ], [ 127.034134065680405, 37.507026974429486 ], [ 127.034133040120139, 37.504774461771333 ], [ 127.03696046012881, 37.504773610948924 ] ] ] } },
{ "type": "Feature", "properties": { "cell_id": 102, "walkability_score": 62.1, "score_15min": 5.0 }, "geometry": { "type": "Polygon", "coordinates": [ [ [ 127.036961570641594, 37.507026123538246 ], [ 127.036962681277998, 37.509278635266412 ], [ 127.034135091354841, 37.509279486226482 ], [ 127.034134065680405, 37.507026974429486 ], [ 127.036961570641594, 37.507026123538246 ] ] ] } },
{ "type": "Feature", "properties": { "cell_id": 103, "walkability_score": 59.0, "score_15min": 6.0 }, "geometry": { "type": "Polygon", "coordinates": [ [ [ 127.036962681277998, 37.509278635266412 ], [ 127.03696379203808, 37.511531146133414 ], [ 127.034136117143476, 37.511531997162315 ], [ 127.034135091354841, 37.509279486226482 ], [ 127.036962681277998, 37.509278635266412 ] ] ] } },
{ "type": "Feature", "properties": { "cell_id": 104, "walkability_score": 56.7, "score_15min": 6.0 }, "geometry": { "type": "Polygon", "coordinates": [ [ [ 127.03696379203808, 37.511531146133414 ], [ 127.036964902921781, 37.513783656139232 ], [ 127.034137143046266, 37.51378450723697 ], [ 127.034136117143476, 37.511531997162315 ], [ 127.03696379203808, 37.511531146133414 ] ] ] } },
{ "type": "Feature", "properties": { "cell_id": 105, "walkability_score": 60.3, "score_15min": 6.0 }, "geometry": { "type": "Polygon", "coordinates": [ [ [ 127.036964902921781, 37.513783656139232 ], [ 127.036966013929145, 37.516036165283843 ], [ 127.034138169063283, 37.516037016450419 ], [ 127.034137143046266, 37.51378450723697 ], [ 127.036964902921781, 37.513783656139232 ] ] ] } },
{ "type": "Feature", "properties": { "cell_id": 106, "walkability_score": 58.6, "score_15min": 6.0 }, "geometry": { "type": "Polygon", "coordinates": [ [ [ 127.036966013929145, 37.516036165283843 ], [ 127.036967125060201, 37.518288673567234 ], [ 127.034139195194527, 37.518289524802661 ], [ 127.034138169063283, 37.516037016450419 ], [ 127.036966013929145, 37.516036165283843 ] ] ] } },
{ "type": "Feature", "properties": { "cell_id": 107, "walkability_score": 45.3, "score_15min": 6.0 }, "geometry": { "type": "Polygon", "coordinates": [ [ [ 127.036967125060201, 37.518288673567234 ], [ 127.036968236314962, 37.52054118098939 ], [ 127.034140221439984, 37.520542032293655 ], [ 127.034139195194527, 37.518289524802661 ], [ 127.036967125060201, 37.518288673567234 ] ] ] } },
{ "type": "Feature", "properties": { "cell_id": 108, "walkability_score": 54.2, "score_15min": 5.0 }, "geometry": { "type": "Polygon", "coordinates": [ [ [ 127.039774738674311, 37.479994997954989 ], [ 127.039775932676761, 37.482247519941538 ], [ 127.036949361796985, 37.482248437696363 ], [ 127.036948252643086, 37.47999591563557 ], [ 127.039774738674311, 37.479994997954989 ] ] ] } },
{ "type": "Feature", "properties": { "cell_id": 109, "walkability_score": 63.2, "score_15min": 5.0 }, "geometry": { "type": "Polygon", "coordinates": [ [ [ 127.039775932676761, 37.482247519941538 ], [ 127.039777126812126, 37.484500041067143 ], [ 127.036950471074334, 37.48450095889622 ], [ 127.036949361796985, 37.482248437696363 ], [ 127.039775932676761, 37.482247519941538 ] ] ] } },
{ "type": "Feature", "properties": { "cell_id": 110, "walkability_score": 63.1, "score_15min": 6.0 }, "geometry": { "type": "Polygon", "coordinates": [ [ [ 127.039777126812126, 37.484500041067143 ], [ 127.039778321080405, 37.486752561331755 ], [ 127.036951580475161, 37.486753479235091 ], [ 127.036950471074334, 37.48450095889622 ], [ 127.039777126812126, 37.484500041067143 ] ] ] } },
{ "type": "Feature", "properties": { "cell_id": 111, "walkability_score": 48.4, "score_15min": 6.0 }, "geometry": { "type": "Polygon", "coordinates": [ [ [ 127.039778321080405, 37.486752561331755 ], [ 127.039779515481641, 37.489005080735375 ], [ 127.036952689999495, 37.489005998712976 ], [ 127.036951580475161, 37.486753479235091 ], [ 127.039778321080405, 37.486752561331755 ] ] ] } },
{ "type": "Feature", "properties": { "cell_id": 112, "walkability_score": 52.5, "score_15min": 6.0 }, "geometry": { "type": "Polygon", "coordinates": [ [ [ 127.039779515481641, 37.489005080735375 ], [ 127.039780710015819, 37.491257599277986 ], [ 127.036953799647321, 37.491258517329847 ], [ 127.036952689999495, 37.489005998712976 ], [ 127.039779515481641, 37.489005080735375 ] ] ] } },
{ "type": "Feature", "properties": { "cell_id": 113, "walkability_score": 54.9, "score_15min": 6.0 }, "geometry": { "type": "Polygon", "coordinates": [ [ [ 127.039780710015819, 37.491257599277986 ], [ 127.039781904682968, 37.493510116959555 ], [ 127.036954909418668, 37.493511035085682 ], [ 127.036953799647321, 37.491258517329847 ], [ 127.039780710015819, 37.491257599277986 ] ] ] } },
{ "type": "Feature", "properties": { "cell_id": 114, "walkability_score": 59.5, "score_15min": 6.0 }, "geometry": { "type": "Polygon", "coordinates": [ [ [ 127.039781904682968, 37.493510116959555 ], [ 127.039783099483117, 37.495762633780089 ], [ 127.036956019313578, 37.495763551980502 ], [ 127.036954909418668, 37.493511035085682 ], [ 127.039781904682968, 37.493510116959555 ] ] ] } },
{ "type": "Feature", "properties": { "cell_id": 115, "walkability_score": 60.1, "score_15min": 6.0 }, "geometry": { "type": "Polygon", "coordinates": [ [ [ 127.039783099483117, 37.495762633780089 ], [ 127.039784294416236, 37.498015149739551 ], [ 127.036957129332023, 37.498016068014245 ], [ 127.036956019313578, 37.495763551980502 ], [ 127.039783099483117, 37.495762633780089 ] ] ] } },
{ "type": "Feature", "properties": { "cell_id": 116, "walkability_score": 61.0, "score_15min": 6.0 }, "geometry": { "type": "Polygon", "coordinates": [ [ [ 127.039784294416236, 37.498015149739551 ], [ 127.039785489482398, 37.500267664837928 ], [ 127.036958239474032, 37.500268583186916 ], [ 127.036957129332023, 37.498016068014245 ], [ 127.039784294416236, 37.498015149739551 ] ] ] } },
{ "type": "Feature", "properties": { "cell_id": 117, "walkability_score": 66.0, "score_15min": 6.0 }, "geometry": { "type": "Polygon", "coordinates": [ [ [ 127.039785489482398, 37.500267664837928 ], [ 127.039786684681602, 37.502520179075205 ], [ 127.036959349739618, 37.502521097498473 ], [ 127.036958239474032, 37.500268583186916 ], [ 127.039785489482398, 37.500267664837928 ] ] ] } },
{ "type": "Feature", "properties": { "cell_id": 118, "walkability_score": 56.0, "score_15min": 6.0 }, "geometry": { "type": "Polygon", "coordinates": [ [ [ 127.039786684681602, 37.502520179075205 ], [ 127.039787880013847, 37.504772692451368 ], [ 127.03696046012881, 37.504773610948924 ], [ 127.036959349739618, 37.502521097498473 ], [ 127.039786684681602, 37.502520179075205 ] ] ] } },
{ "type": "Feature", "properties": { "cell_id": 119, "walkability_score": 48.7, "score_15min": 6.0 }, "geometry": { "type": "Polygon", "coordinates": [ [ [ 127.039787880013847, 37.504772692451368 ], [ 127.039789075479135, 37.507025204966396 ], [ 127.036961570641594, 37.507026123538246 ], [ 127.03696046012881, 37.504773610948924 ], [ 127.039787880013847, 37.504772692451368 ] ] ] } },
{ "type": "Feature", "properties": { "cell_id": 120, "walkability_score": 52.4, "score_15min": 5.0 }, "geometry": { "type": "Polygon", "coordinates": [ [ [ 127.039789075479135, 37.507025204966396 ], [ 127.039790271077521, 37.509277716620261 ], [ 127.036962681277998, 37.509278635266412 ], [ 127.036961570641594, 37.507026123538246 ], [ 127.039789075479135, 37.507025204966396 ] ] ] } },
{ "type": "Feature", "properties": { "cell_id": 121, "walkability_score": 54.6, "score_15min": 6.0 }, "geometry": { "type": "Polygon", "coordinates": [ [ [ 127.039790271077521, 37.509277716620261 ], [ 127.039791466809021, 37.511530227412948 ], [ 127.03696379203808, 37.511531146133414 ], [ 127.036962681277998, 37.509278635266412 ], [ 127.039790271077521, 37.509277716620261 ] ] ] } },
{ "type": "Feature", "properties": { "cell_id": 122, "walkability_score": 52.0, "score_15min": 6.0 }, "geometry": { "type": "Polygon", "coordinates": [ [ [ 127.039791466809021, 37.511530227412948 ], [ 127.039792662673605, 37.513782737344457 ], [ 127.036964902921781, 37.513783656139232 ], [ 127.03696379203808, 37.511531146133414 ], [ 127.039791466809021, 37.511530227412948 ] ] ] } },
{ "type": "Feature", "properties": { "cell_id": 123, "walkability_score": 56.5, "score_15min": 6.0 }, "geometry": { "type": "Polygon", "coordinates": [ [ [ 127.039792662673605, 37.513782737344457 ], [ 127.039793858671331, 37.516035246414752 ], [ 127.036966013929145, 37.516036165283843 ], [ 127.036964902921781, 37.513783656139232 ], [ 127.039792662673605, 37.513782737344457 ] ] ] } },
{ "type": "Feature", "properties": { "cell_id": 124, "walkability_score": 66.6, "score_15min": 6.0 }, "geometry": { "type": "Polygon", "coordinates": [ [ [ 127.039793858671331, 37.516035246414752 ], [ 127.039795054802198, 37.518287754623827 ], [ 127.036967125060201, 37.518288673567234 ], [ 127.036966013929145, 37.516036165283843 ], [ 127.039793858671331, 37.516035246414752 ] ] ] } },
{ "type": "Feature", "properties": { "cell_id": 125, "walkability_score": 57.3, "score_15min": 6.0 }, "geometry": { "type": "Polygon", "coordinates": [ [ [ 127.039795054802198, 37.518287754623827 ], [ 127.039796251066235, 37.520540261971661 ], [ 127.036968236314962, 37.52054118098939 ], [ 127.036967125060201, 37.518288673567234 ], [ 127.039795054802198, 37.518287754623827 ] ] ] } },
{ "type": "Feature", "properties": { "cell_id": 126, "walkability_score": 58.0, "score_15min": 5.0 }, "geometry": { "type": "Polygon", "coordinates": [ [ [ 127.04260122457265, 37.479994012659475 ], [ 127.042602503423637, 37.482246534566315 ], [ 127.039775932676761, 37.482247519941538 ], [ 127.039774738674311, 37.479994997954989 ], [ 127.04260122457265, 37.479994012659475 ] ] ] } },
{ "type": "Feature", "properties": { "cell_id": 127, "walkability_score": 58.6, "score_15min": 6.0 }, "geometry": { "type": "Polygon", "coordinates": [ [ [ 127.042602503423637, 37.482246534566315 ], [ 127.04260378241699, 37.484499055612183 ], [ 127.039777126812126, 37.484500041067143 ], [ 127.039775932676761, 37.482247519941538 ], [ 127.042602503423637, 37.482246534566315 ] ] ] } },
{ "type": "Feature", "properties": { "cell_id": 128, "walkability_score": 60.8, "score_15min": 6.0 }, "geometry": { "type": "Polygon", "coordinates": [ [ [ 127.04260378241699, 37.484499055612183 ], [ 127.04260506155272, 37.486751575797072 ], [ 127.039778321080405, 37.486752561331755 ], [ 127.039777126812126, 37.484500041067143 ], [ 127.04260378241699, 37.484499055612183 ] ] ] } },
{ "type": "Feature", "properties": { "cell_id": 129, "walkability_score": 51.3, "score_15min": 6.0 }, "geometry": { "type": "Polygon", "coordinates": [ [ [ 127.04260506155272, 37.486751575797072 ], [ 127.042606340830815, 37.489004095120961 ], [ 127.039779515481641, 37.489005080735375 ], [ 127.039778321080405, 37.486752561331755 ], [ 127.04260506155272, 37.486751575797072 ] ] ] } },
{ "type": "Feature", "properties": { "cell_id": 130, "walkability_score": 49.1, "score_15min": 6.0 }, "geometry": { "type": "Polygon", "coordinates": [ [ [ 127.042606340830815, 37.489004095120961 ], [ 127.042607620251331, 37.491256613583829 ], [ 127.039780710015819, 37.491257599277986 ], [ 127.039779515481641, 37.489005080735375 ], [ 127.042606340830815, 37.489004095120961 ] ] ] } },
{ "type": "Feature", "properties": { "cell_id": 131, "walkability_score": 54.7, "score_15min": 6.0 }, "geometry": { "type": "Polygon", "coordinates": [ [ [ 127.042607620251331, 37.491256613583829 ], [ 127.042608899814255, 37.493509131185661 ], [ 127.039781904682968, 37.493510116959555 ], [ 127.039780710015819, 37.491257599277986 ], [ 127.042607620251331, 37.491256613583829 ] ] ] } },
{ "type": "Feature", "properties": { "cell_id": 132, "walkability_score": 51.8, "score_15min": 6.0 }, "geometry": { "type": "Polygon", "coordinates": [ [ [ 127.042608899814255, 37.493509131185661 ], [ 127.042610179519613, 37.495761647926436 ], [ 127.039783099483117, 37.495762633780089 ], [ 127.039781904682968, 37.493510116959555 ], [ 127.042608899814255, 37.493509131185661 ] ] ] } },
{ "type": "Feature", "properties": { "cell_id": 133, "walkability_score": 57.0, "score_15min": 6.0 }, "geometry": { "type": "Polygon", "coordinates": [ [ [ 127.042610179519613, 37.495761647926436 ], [ 127.042611459367436, 37.498014163806147 ], [ 127.039784294416236, 37.498015149739551 ], [ 127.039783099483117, 37.495762633780089 ], [ 127.042610179519613, 37.495761647926436 ] ] ] } },
{ "type": "Feature", "properties": { "cell_id": 134, "walkability_score": 48.5, "score_15min": 6.0 }, "geometry": { "type": "Polygon", "coordinates": [ [ [ 127.042611459367436, 37.498014163806147 ], [ 127.042612739357736, 37.500266678824779 ], [ 127.039785489482398, 37.500267664837928 ], [ 127.039784294416236, 37.498015149739551 ], [ 127.042611459367436, 37.498014163806147 ] ] ] } },
{ "type": "Feature", "properties": { "cell_id": 135, "walkability_score": 55.0, "score_15min": 6.0 }, "geometry": { "type": "Polygon", "coordinates": [ [ [ 127.042612739357736, 37.500266678824779 ], [ 127.042614019490529, 37.502519192982284 ], [ 127.039786684681602, 37.502520179075205 ], [ 127.039785489482398, 37.500267664837928 ], [ 127.042612739357736, 37.500266678824779 ] ] ] } },
{ "type": "Feature", "properties": { "cell_id": 136, "walkability_score": 51.3, "score_15min": 6.0 }, "geometry": { "type": "Polygon", "coordinates": [ [ [ 127.042614019490529, 37.502519192982284 ], [ 127.042615299765799, 37.504771706278675 ], [ 127.039787880013847, 37.504772692451368 ], [ 127.039786684681602, 37.502520179075205 ], [ 127.042614019490529, 37.502519192982284 ] ] ] } },
{ "type": "Feature", "properties": { "cell_id": 137, "walkability_score": 50.9, "score_15min": 5.0 }, "geometry": { "type": "Polygon", "coordinates": [ [ [ 127.042615299765799, 37.504771706278675 ], [ 127.042616580183605, 37.507024218713923 ], [ 127.039789075479135, 37.507025204966396 ], [ 127.039787880013847, 37.504772692451368 ], [ 127.042615299765799, 37.504771706278675 ] ] ] } },
{ "type": "Feature", "properties": { "cell_id": 138, "walkability_score": 59.1, "score_15min": 6.0 }, "geometry": { "type": "Polygon", "coordinates": [ [ [ 127.042616580183605, 37.507024218713923 ], [ 127.042617860743945, 37.509276730288022 ], [ 127.039790271077521, 37.509277716620261 ], [ 127.039789075479135, 37.507025204966396 ], [ 127.042616580183605, 37.507024218713923 ] ] ] } },
{ "type": "Feature", "properties": { "cell_id": 139, "walkability_score": 63.2, "score_15min": 6.0 }, "geometry": { "type": "Polygon", "coordinates": [ [ [ 127.042617860743945, 37.509276730288022 ], [ 127.042619141446863, 37.511529241000936 ], [ 127.039791466809021, 37.511530227412948 ], [ 127.039790271077521, 37.509277716620261 ], [ 127.042617860743945, 37.509276730288022 ] ] ] } },
{ "type": "Feature", "properties": { "cell_id": 140, "walkability_score": 55.7, "score_15min": 6.0 }, "geometry": { "type": "Polygon", "coordinates": [ [ [ 127.042619141446863, 37.511529241000936 ], [ 127.042620422292316, 37.513781750852658 ], [ 127.039792662673605, 37.513782737344457 ], [ 127.039791466809021, 37.511530227412948 ], [ 127.042619141446863, 37.511529241000936 ] ] ] } },
{ "type": "Feature", "properties": { "cell_id": 141, "walkability_score": 62.7, "score_15min": 6.0 }, "geometry": { "type": "Polygon", "coordinates": [ [ [ 127.042620422292316, 37.513781750852658 ], [ 127.042621703280375, 37.51603425984316 ], [ 127.039793858671331, 37.516035246414752 ], [ 127.039792662673605, 37.513782737344457 ], [ 127.042620422292316, 37.513781750852658 ] ] ] } },
{ "type": "Feature", "properties": { "cell_id": 142, "walkability_score": 71.0, "score_15min": 6.0 }, "geometry": { "type": "Polygon", "coordinates": [ [ [ 127.042621703280375, 37.51603425984316 ], [ 127.04262298441104, 37.518286767972441 ], [ 127.039795054802198, 37.518287754623827 ], [ 127.039793858671331, 37.516035246414752 ], [ 127.042621703280375, 37.51603425984316 ] ] ] } },
{ "type": "Feature", "properties": { "cell_id": 143, "walkability_score": 57.9, "score_15min": 6.0 }, "geometry": { "type": "Polygon", "coordinates": [ [ [ 127.04262298441104, 37.518286767972441 ], [ 127.042624265684339, 37.520539275240466 ], [ 127.039796251066235, 37.520540261971661 ], [ 127.039795054802198, 37.518287754623827 ], [ 127.04262298441104, 37.518286767972441 ] ] ] } },
{ "type": "Feature", "properties": { "cell_id": 144, "walkability_score": 50.7, "score_15min": 5.0 }, "geometry": { "type": "Polygon", "coordinates": [ [ [ 127.045427710328639, 37.479992959749048 ], [ 127.045429074028178, 37.482245481570693 ], [ 127.042602503423637, 37.482246534566315 ], [ 127.04260122457265, 37.479994012659475 ], [ 127.045427710328639, 37.479992959749048 ] ] ] } },
{ "type": "Feature", "properties": { "cell_id": 145, "walkability_score": 61.6, "score_15min": 6.0 }, "geometry": { "type": "Polygon", "coordinates": [ [ [ 127.045429074028178, 37.482245481570693 ], [ 127.045430437879489, 37.48449800253136 ], [ 127.04260378241699, 37.484499055612183 ], [ 127.042602503423637, 37.482246534566315 ], [ 127.045429074028178, 37.482245481570693 ] ] ] } },
{ "type": "Feature", "properties": { "cell_id": 146, "walkability_score": 68.0, "score_15min": 6.0 }, "geometry": { "type": "Polygon", "coordinates": [ [ [ 127.045430437879489, 37.48449800253136 ], [ 127.045431801882629, 37.486750522631048 ], [ 127.04260506155272, 37.486751575797072 ], [ 127.04260378241699, 37.484499055612183 ], [ 127.045430437879489, 37.48449800253136 ] ] ] } },
{ "type": "Feature", "properties": { "cell_id": 147, "walkability_score": 54.0, "score_15min": 6.0 }, "geometry": { "type": "Polygon", "coordinates": [ [ [ 127.045431801882629, 37.486750522631048 ], [ 127.045433166037597, 37.489003041869729 ], [ 127.042606340830815, 37.489004095120961 ], [ 127.04260506155272, 37.486751575797072 ], [ 127.045431801882629, 37.486750522631048 ] ] ] } },
{ "type": "Feature", "properties": { "cell_id": 148, "walkability_score": 42.4, "score_15min": 6.0 }, "geometry": { "type": "Polygon", "coordinates": [ [ [ 127.045433166037597, 37.489003041869729 ], [ 127.045434530344409, 37.491255560247389 ], [ 127.042607620251331, 37.491256613583829 ], [ 127.042606340830815, 37.489004095120961 ], [ 127.045433166037597, 37.489003041869729 ] ] ] } },
{ "type": "Feature", "properties": { "cell_id": 149, "walkability_score": 47.2, "score_15min": 6.0 }, "geometry": { "type": "Polygon", "coordinates": [ [ [ 127.045434530344409, 37.491255560247389 ], [ 127.045435894803106, 37.493508077764005 ], [ 127.042608899814255, 37.493509131185661 ], [ 127.042607620251331, 37.491256613583829 ], [ 127.045434530344409, 37.491255560247389 ] ] ] } },
{ "type": "Feature", "properties": { "cell_id": 150, "walkability_score": 50.7, "score_15min": 6.0 }, "geometry": { "type": "Polygon", "coordinates": [ [ [ 127.045435894803106, 37.493508077764005 ], [ 127.045437259413703, 37.495760594419565 ], [ 127.042610179519613, 37.495761647926436 ], [ 127.042608899814255, 37.493509131185661 ], [ 127.045435894803106, 37.493508077764005 ] ] ] } },
{ "type": "Feature", "properties": { "cell_id": 151, "walkability_score": 54.0, "score_15min": 6.0 }, "geometry": { "type": "Polygon", "coordinates": [ [ [ 127.045437259413703, 37.495760594419565 ], [ 127.045438624176185, 37.498013110214046 ], [ 127.042611459367436, 37.498014163806147 ], [ 127.042610179519613, 37.495761647926436 ], [ 127.045437259413703, 37.495760594419565 ] ] ] } },
{ "type": "Feature", "properties": { "cell_id": 152, "walkability_score": 50.5, "score_15min": 6.0 }, "geometry": { "type": "Polygon", "coordinates": [ [ [ 127.045438624176185, 37.498013110214046 ], [ 127.045439989090596, 37.500265625147435 ], [ 127.042612739357736, 37.500266678824779 ], [ 127.042611459367436, 37.498014163806147 ], [ 127.045438624176185, 37.498013110214046 ] ] ] } },
{ "type": "Feature", "properties": { "cell_id": 153, "walkability_score": 52.6, "score_15min": 6.0 }, "geometry": { "type": "Polygon", "coordinates": [ [ [ 127.045439989090596, 37.500265625147435 ], [ 127.045441354156949, 37.502518139219717 ], [ 127.042614019490529, 37.502519192982284 ], [ 127.042612739357736, 37.500266678824779 ], [ 127.045439989090596, 37.500265625147435 ] ] ] } },
{ "type": "Feature", "properties": { "cell_id": 154, "walkability_score": 58.1, "score_15min": 5.0 }, "geometry": { "type": "Polygon", "coordinates": [ [ [ 127.045441354156949, 37.502518139219717 ], [ 127.045442719375259, 37.504770652430864 ], [ 127.042615299765799, 37.504771706278675 ], [ 127.042614019490529, 37.502519192982284 ], [ 127.045441354156949, 37.502518139219717 ] ] ] } },
{ "type": "Feature", "properties": { "cell_id": 155, "walkability_score": 50.9, "score_15min": 6.0 }, "geometry": { "type": "Polygon", "coordinates": [ [ [ 127.045442719375259, 37.504770652430864 ], [ 127.04544408474554, 37.507023164780875 ], [ 127.042616580183605, 37.507024218713923 ], [ 127.042615299765799, 37.504771706278675 ], [ 127.045442719375259, 37.504770652430864 ] ] ] } },
{ "type": "Feature", "properties": { "cell_id": 156, "walkability_score": 62.7, "score_15min": 6.0 }, "geometry": { "type": "Polygon", "coordinates": [ [ [ 127.04544408474554, 37.507023164780875 ], [ 127.045445450267835, 37.509275676269716 ], [ 127.042617860743945, 37.509276730288022 ], [ 127.042616580183605, 37.507024218713923 ], [ 127.04544408474554, 37.507023164780875 ] ] ] } },
{ "type": "Feature", "properties": { "cell_id": 157, "walkability_score": 78.3, "score_15min": 6.0 }, "geometry": { "type": "Polygon", "coordinates": [ [ [ 127.045445450267835, 37.509275676269716 ], [ 127.045446815942114, 37.511528186897372 ], [ 127.042619141446863, 37.511529241000936 ], [ 127.042617860743945, 37.509276730288022 ], [ 127.045445450267835, 37.509275676269716 ] ] ] } },
{ "type": "Feature", "properties": { "cell_id": 158, "walkability_score": 69.9, "score_15min": 6.0 }, "geometry": { "type": "Polygon", "coordinates": [ [ [ 127.045446815942114, 37.511528186897372 ], [ 127.04544818176845, 37.513780696663829 ], [ 127.042620422292316, 37.513781750852658 ], [ 127.042619141446863, 37.511529241000936 ], [ 127.045446815942114, 37.511528186897372 ] ] ] } },
{ "type": "Feature", "properties": { "cell_id": 159, "walkability_score": 58.0, "score_15min": 6.0 }, "geometry": { "type": "Polygon", "coordinates": [ [ [ 127.04544818176845, 37.513780696663829 ], [ 127.045449547746813, 37.516033205569066 ], [ 127.042621703280375, 37.51603425984316 ], [ 127.042620422292316, 37.513781750852658 ], [ 127.04544818176845, 37.513780696663829 ] ] ] } },
{ "type": "Feature", "properties": { "cell_id": 160, "walkability_score": 60.4, "score_15min": 6.0 }, "geometry": { "type": "Polygon", "coordinates": [ [ [ 127.045449547746813, 37.516033205569066 ], [ 127.045450913877261, 37.518285713613082 ], [ 127.04262298441104, 37.518286767972441 ], [ 127.042621703280375, 37.51603425984316 ], [ 127.045449547746813, 37.516033205569066 ] ] ] } },
{ "type": "Feature", "properties": { "cell_id": 161, "walkability_score": 56.5, "score_15min": 6.0 }, "geometry": { "type": "Polygon", "coordinates": [ [ [ 127.045450913877261, 37.518285713613082 ], [ 127.045452280159793, 37.520538220795828 ], [ 127.042624265684339, 37.520539275240466 ], [ 127.04262298441104, 37.518286767972441 ], [ 127.045450913877261, 37.518285713613082 ] ] ] } },
{ "type": "Feature", "properties": { "cell_id": 162, "walkability_score": 40.7, "score_15min": 5.0 }, "geometry": { "type": "Polygon", "coordinates": [ [ [ 127.048254195932856, 37.479991839223693 ], [ 127.048255644480889, 37.482244360954681 ], [ 127.045429074028178, 37.482245481570693 ], [ 127.045427710328639, 37.479992959749048 ], [ 127.048254195932856, 37.479991839223693 ] ] ] } },
{ "type": "Feature", "properties": { "cell_id": 163, "walkability_score": 54.4, "score_15min": 6.0 }, "geometry": { "type": "Polygon", "coordinates": [ [ [ 127.048255644480889, 37.482244360954681 ], [ 127.048257093190159, 37.484496881824676 ], [ 127.045430437879489, 37.48449800253136 ], [ 127.045429074028178, 37.482245481570693 ], [ 127.048255644480889, 37.482244360954681 ] ] ] } },
{ "type": "Feature", "properties": { "cell_id": 164, "walkability_score": 61.7, "score_15min": 6.0 }, "geometry": { "type": "Polygon", "coordinates": [ [ [ 127.048257093190159, 37.484496881824676 ], [ 127.048258542060708, 37.486749401833698 ], [ 127.045431801882629, 37.486750522631048 ], [ 127.045430437879489, 37.48449800253136 ], [ 127.048257093190159, 37.484496881824676 ] ] ] } },
{ "type": "Feature", "properties": { "cell_id": 165, "walkability_score": 62.2, "score_15min": 6.0 }, "geometry": { "type": "Polygon", "coordinates": [ [ [ 127.048258542060708, 37.486749401833698 ], [ 127.048259991092536, 37.489001920981707 ], [ 127.045433166037597, 37.489003041869729 ], [ 127.045431801882629, 37.486750522631048 ], [ 127.048258542060708, 37.486749401833698 ] ] ] } },
{ "type": "Feature", "properties": { "cell_id": 166, "walkability_score": 41.6, "score_15min": 6.0 }, "geometry": { "type": "Polygon", "coordinates": [ [ [ 127.048259991092536, 37.489001920981707 ], [ 127.048261440285643, 37.491254439268687 ], [ 127.045434530344409, 37.491255560247389 ], [ 127.045433166037597, 37.489003041869729 ], [ 127.048259991092536, 37.489001920981707 ] ] ] } },
{ "type": "Feature", "properties": { "cell_id": 167, "walkability_score": 42.8, "score_15min": 6.0 }, "geometry": { "type": "Polygon", "coordinates": [ [ [ 127.048261440285643, 37.491254439268687 ], [ 127.048262889640085, 37.49350695669461 ], [ 127.045435894803106, 37.493508077764005 ], [ 127.045434530344409, 37.491255560247389 ], [ 127.048261440285643, 37.491254439268687 ] ] ] } },
{ "type": "Feature", "properties": { "cell_id": 168, "walkability_score": 52.4, "score_15min": 6.0 }, "geometry": { "type": "Polygon", "coordinates": [ [ [ 127.048262889640085, 37.49350695669461 ], [ 127.048264339155864, 37.495759473259461 ], [ 127.045437259413703, 37.495760594419565 ], [ 127.045435894803106, 37.493508077764005 ], [ 127.048262889640085, 37.49350695669461 ] ] ] } },
{ "type": "Feature", "properties": { "cell_id": 169, "walkability_score": 55.0, "score_15min": 6.0 }, "geometry": { "type": "Polygon", "coordinates": [ [ [ 127.048264339155864, 37.495759473259461 ], [ 127.048265788832992, 37.498011988963256 ], [ 127.045438624176185, 37.498013110214046 ], [ 127.045437259413703, 37.495760594419565 ], [ 127.048264339155864, 37.495759473259461 ] ] ] } },
{ "type": "Feature", "properties": { "cell_id": 170, "walkability_score": 55.0, "score_15min": 6.0 }, "geometry": { "type": "Polygon", "coordinates": [ [ [ 127.048265788832992, 37.498011988963256 ], [ 127.0482672386715, 37.500264503805951 ], [ 127.045439989090596, 37.500265625147435 ], [ 127.045438624176185, 37.498013110214046 ], [ 127.048265788832992, 37.498011988963256 ] ] ] } },
{ "type": "Feature", "properties": { "cell_id": 171, "walkability_score": 49.9, "score_15min": 5.0 }, "geometry": { "type": "Polygon", "coordinates": [ [ [ 127.0482672386715, 37.500264503805951 ], [ 127.048268688671413, 37.502517017787518 ], [ 127.045441354156949, 37.502518139219717 ], [ 127.045439989090596, 37.500265625147435 ], [ 127.0482672386715, 37.500264503805951 ] ] ] } },
{ "type": "Feature", "properties": { "cell_id": 172, "walkability_score": 66.5, "score_15min": 5.0 }, "geometry": { "type": "Polygon", "coordinates": [ [ [ 127.048268688671413, 37.502517017787518 ], [ 127.048270138832734, 37.50476953090795 ], [ 127.045442719375259, 37.504770652430864 ], [ 127.045441354156949, 37.502518139219717 ], [ 127.048268688671413, 37.502517017787518 ] ] ] } },
{ "type": "Feature", "properties": { "cell_id": 173, "walkability_score": 63.7, "score_15min": 6.0 }, "geometry": { "type": "Polygon", "coordinates": [ [ [ 127.048270138832734, 37.50476953090795 ], [ 127.04827158915549, 37.507022043167233 ], [ 127.04544408474554, 37.507023164780875 ], [ 127.045442719375259, 37.504770652430864 ], [ 127.048270138832734, 37.50476953090795 ] ] ] } },
{ "type": "Feature", "properties": { "cell_id": 174, "walkability_score": 50.5, "score_15min": 6.0 }, "geometry": { "type": "Polygon", "coordinates": [ [ [ 127.04827158915549, 37.507022043167233 ], [ 127.048273039639682, 37.509274554565351 ], [ 127.045445450267835, 37.509275676269716 ], [ 127.04544408474554, 37.507023164780875 ], [ 127.04827158915549, 37.507022043167233 ] ] ] } },
{ "type": "Feature", "properties": { "cell_id": 175, "walkability_score": 63.2, "score_15min": 6.0 }, "geometry": { "type": "Polygon", "coordinates": [ [ [ 127.048273039639682, 37.509274554565351 ], [ 127.048274490285365, 37.511527065102271 ], [ 127.045446815942114, 37.511528186897372 ], [ 127.045445450267835, 37.509275676269716 ], [ 127.048273039639682, 37.509274554565351 ] ] ] } },
{ "type": "Feature", "properties": { "cell_id": 176, "walkability_score": 60.0, "score_15min": 6.0 }, "geometry": { "type": "Polygon", "coordinates": [ [ [ 127.048274490285365, 37.511527065102271 ], [ 127.048275941092527, 37.513779574777999 ], [ 127.04544818176845, 37.513780696663829 ], [ 127.045446815942114, 37.511528186897372 ], [ 127.048274490285365, 37.511527065102271 ] ] ] } },
{ "type": "Feature", "properties": { "cell_id": 177, "walkability_score": 51.1, "score_15min": 6.0 }, "geometry": { "type": "Polygon", "coordinates": [ [ [ 127.048275941092527, 37.513779574777999 ], [ 127.048277392061195, 37.516032083592499 ], [ 127.045449547746813, 37.516033205569066 ], [ 127.04544818176845, 37.513780696663829 ], [ 127.048275941092527, 37.513779574777999 ] ] ] } },
{ "type": "Feature", "properties": { "cell_id": 178, "walkability_score": 65.5, "score_15min": 6.0 }, "geometry": { "type": "Polygon", "coordinates": [ [ [ 127.048277392061195, 37.516032083592499 ], [ 127.048278843191397, 37.518284591545758 ], [ 127.045450913877261, 37.518285713613082 ], [ 127.045449547746813, 37.516033205569066 ], [ 127.048277392061195, 37.516032083592499 ] ] ] } },
{ "type": "Feature", "properties": { "cell_id": 179, "walkability_score": 69.4, "score_15min": 6.0 }, "geometry": { "type": "Polygon", "coordinates": [ [ [ 127.048278843191397, 37.518284591545758 ], [ 127.048280294483135, 37.52053709863776 ], [ 127.045452280159793, 37.520538220795828 ], [ 127.045450913877261, 37.518285713613082 ], [ 127.048278843191397, 37.518284591545758 ] ] ] } },
{ "type": "Feature", "properties": { "cell_id": 180, "walkability_score": 32.7, "score_15min": 5.0 }, "geometry": { "type": "Polygon", "coordinates": [ [ [ 127.051080681375865, 37.47999065108344 ], [ 127.051082214772393, 37.482243172718299 ], [ 127.048255644480889, 37.482244360954681 ], [ 127.048254195932856, 37.479991839223693 ], [ 127.051080681375865, 37.47999065108344 ] ] ] } },
{ "type": "Feature", "properties": { "cell_id": 181, "walkability_score": 37.3, "score_15min": 6.0 }, "geometry": { "type": "Polygon", "coordinates": [ [ [ 127.051082214772393, 37.482243172718299 ], [ 127.051083748339593, 37.484495693492157 ], [ 127.048257093190159, 37.484496881824676 ], [ 127.048255644480889, 37.482244360954681 ], [ 127.051082214772393, 37.482243172718299 ] ] ] } },
{ "type": "Feature", "properties": { "cell_id": 182, "walkability_score": 53.3, "score_15min": 6.0 }, "geometry": { "type": "Polygon", "coordinates": [ [ [ 127.051083748339593, 37.484495693492157 ], [ 127.051085282077523, 37.486748213405036 ], [ 127.048258542060708, 37.486749401833698 ], [ 127.048257093190159, 37.484496881824676 ], [ 127.051083748339593, 37.484495693492157 ] ] ] } },
{ "type": "Feature", "properties": { "cell_id": 183, "walkability_score": 55.3, "score_15min": 6.0 }, "geometry": { "type": "Polygon", "coordinates": [ [ [ 127.051085282077523, 37.486748213405036 ], [ 127.051086815986167, 37.489000732456887 ], [ 127.048259991092536, 37.489001920981707 ], [ 127.048258542060708, 37.486749401833698 ], [ 127.051085282077523, 37.486748213405036 ] ] ] } },
{ "type": "Feature", "properties": { "cell_id": 184, "walkability_score": 46.7, "score_15min": 6.0 }, "geometry": { "type": "Polygon", "coordinates": [ [ [ 127.051086815986167, 37.489000732456887 ], [ 127.051088350065555, 37.491253250647709 ], [ 127.048261440285643, 37.491254439268687 ], [ 127.048259991092536, 37.489001920981707 ], [ 127.051086815986167, 37.489000732456887 ] ] ] } },
{ "type": "Feature", "properties": { "cell_id": 185, "walkability_score": 38.4, "score_15min": 6.0 }, "geometry": { "type": "Polygon", "coordinates": [ [ [ 127.051088350065555, 37.491253250647709 ], [ 127.051089884315715, 37.493505767977481 ], [ 127.048262889640085, 37.49350695669461 ], [ 127.048261440285643, 37.491254439268687 ], [ 127.051088350065555, 37.491253250647709 ] ] ] } },
{ "type": "Feature", "properties": { "cell_id": 186, "walkability_score": 49.5, "score_15min": 6.0 }, "geometry": { "type": "Polygon", "coordinates": [ [ [ 127.051089884315715, 37.493505767977481 ], [ 127.051091418736661, 37.495758284446175 ], [ 127.048264339155864, 37.495759473259461 ], [ 127.048262889640085, 37.49350695669461 ], [ 127.051089884315715, 37.493505767977481 ] ] ] } },
{ "type": "Feature", "properties": { "cell_id": 187, "walkability_score": 52.0, "score_15min": 6.0 }, "geometry": { "type": "Polygon", "coordinates": [ [ [ 127.051091418736661, 37.495758284446175 ], [ 127.05109295332845, 37.498010800053791 ], [ 127.048265788832992, 37.498011988963256 ], [ 127.048264339155864, 37.495759473259461 ], [ 127.051091418736661, 37.495758284446175 ] ] ] } },
{ "type": "Feature", "properties": { "cell_id": 188, "walkability_score": 51.8, "score_15min": 6.0 }, "geometry": { "type": "Polygon", "coordinates": [ [ [ 127.05109295332845, 37.498010800053791 ], [ 127.05109448809101, 37.5002633148003 ], [ 127.0482672386715, 37.500264503805951 ], [ 127.048265788832992, 37.498011988963256 ], [ 127.05109295332845, 37.498010800053791 ] ] ] } },
{ "type": "Feature", "properties": { "cell_id": 189, "walkability_score": 55.8, "score_15min": 6.0 }, "geometry": { "type": "Polygon", "coordinates": [ [ [ 127.05109448809101, 37.5002633148003 ], [ 127.051096023024456, 37.502515828685695 ], [ 127.048268688671413, 37.502517017787518 ], [ 127.0482672386715, 37.500264503805951 ], [ 127.05109448809101, 37.5002633148003 ] ] ] } },
{ "type": "Feature", "properties": { "cell_id": 190, "walkability_score": 65.3, "score_15min": 5.0 }, "geometry": { "type": "Polygon", "coordinates": [ [ [ 127.051096023024456, 37.502515828685695 ], [ 127.051097558128774, 37.504768341709934 ], [ 127.048270138832734, 37.50476953090795 ], [ 127.048268688671413, 37.502517017787518 ], [ 127.051096023024456, 37.502515828685695 ] ] ] } },
{ "type": "Feature", "properties": { "cell_id": 191, "walkability_score": 66.3, "score_15min": 6.0 }, "geometry": { "type": "Polygon", "coordinates": [ [ [ 127.051097558128774, 37.504768341709934 ], [ 127.051099093403963, 37.507020853873016 ], [ 127.04827158915549, 37.507022043167233 ], [ 127.048270138832734, 37.50476953090795 ], [ 127.051097558128774, 37.504768341709934 ] ] ] } },
{ "type": "Feature", "properties": { "cell_id": 192, "walkability_score": 46.1, "score_15min": 6.0 }, "geometry": { "type": "Polygon", "coordinates": [ [ [ 127.051099093403963, 37.507020853873016 ], [ 127.051100628850065, 37.509273365174934 ], [ 127.048273039639682, 37.509274554565351 ], [ 127.04827158915549, 37.507022043167233 ], [ 127.051099093403963, 37.507020853873016 ] ] ] } },
{ "type": "Feature", "properties": { "cell_id": 193, "walkability_score": 49.7, "score_15min": 6.0 }, "geometry": { "type": "Polygon", "coordinates": [ [ [ 127.051100628850065, 37.509273365174934 ], [ 127.05110216446711, 37.511525875615654 ], [ 127.048274490285365, 37.511527065102271 ], [ 127.048273039639682, 37.509274554565351 ], [ 127.051100628850065, 37.509273365174934 ] ] ] } },
{ "type": "Feature", "properties": { "cell_id": 194, "walkability_score": 62.2, "score_15min": 6.0 }, "geometry": { "type": "Polygon", "coordinates": [ [ [ 127.05110216446711, 37.511525875615654 ], [ 127.051103700255084, 37.513778385195174 ], [ 127.048275941092527, 37.513779574777999 ], [ 127.048274490285365, 37.511527065102271 ], [ 127.05110216446711, 37.511525875615654 ] ] ] } },
{ "type": "Feature", "properties": { "cell_id": 195, "walkability_score": 56.8, "score_15min": 6.0 }, "geometry": { "type": "Polygon", "coordinates": [ [ [ 127.051103700255084, 37.513778385195174 ], [ 127.051105236214028, 37.516030893913459 ], [ 127.048277392061195, 37.516032083592499 ], [ 127.048275941092527, 37.513779574777999 ], [ 127.051103700255084, 37.513778385195174 ] ] ] } },
{ "type": "Feature", "properties": { "cell_id": 196, "walkability_score": 62.3, "score_15min": 6.0 }, "geometry": { "type": "Polygon", "coordinates": [ [ [ 127.051105236214028, 37.516030893913459 ], [ 127.051106772343971, 37.518283401770482 ], [ 127.048278843191397, 37.518284591545758 ], [ 127.048277392061195, 37.516032083592499 ], [ 127.051105236214028, 37.516030893913459 ] ] ] } },
{ "type": "Feature", "properties": { "cell_id": 197, "walkability_score": 65.8, "score_15min": 6.0 }, "geometry": { "type": "Polygon", "coordinates": [ [ [ 127.051106772343971, 37.518283401770482 ], [ 127.051108308644928, 37.520535908766256 ], [ 127.048280294483135, 37.52053709863776 ], [ 127.048278843191397, 37.518284591545758 ], [ 127.051106772343971, 37.518283401770482 ] ] ] } },
{ "type": "Feature", "properties": { "cell_id": 198, "walkability_score": 47.3, "score_15min": 5.0 }, "geometry": { "type": "Polygon", "coordinates": [ [ [ 127.053907166648173, 37.47998939532831 ], [ 127.053908784893181, 37.482241916861547 ], [ 127.051082214772393, 37.482243172718299 ], [ 127.051080681375865, 37.47999065108344 ], [ 127.053907166648173, 37.47998939532831 ] ] ] } },
{ "type": "Feature", "properties": { "cell_id": 199, "walkability_score": 48.0, "score_15min": 6.0 }, "geometry": { "type": "Polygon", "coordinates": [ [ [ 127.053908784893181, 37.482241916861547 ], [ 127.053910403318298, 37.484494437533812 ], [ 127.051083748339593, 37.484495693492157 ], [ 127.051082214772393, 37.482243172718299 ], [ 127.053908784893181, 37.482241916861547 ] ] ] } },
{ "type": "Feature", "properties": { "cell_id": 200, "walkability_score": 48.7, "score_15min": 6.0 }, "geometry": { "type": "Polygon", "coordinates": [ [ [ 127.053910403318298, 37.484494437533812 ], [ 127.053912021923566, 37.486746957345062 ], [ 127.051085282077523, 37.486748213405036 ], [ 127.051083748339593, 37.484495693492157 ], [ 127.053910403318298, 37.484494437533812 ] ] ] } },
{ "type": "Feature", "properties": { "cell_id": 201, "walkability_score": 55.7, "score_15min": 6.0 }, "geometry": { "type": "Polygon", "coordinates": [ [ [ 127.053912021923566, 37.486746957345062 ], [ 127.053913640709041, 37.488999476295305 ], [ 127.051086815986167, 37.489000732456887 ], [ 127.051085282077523, 37.486748213405036 ], [ 127.053912021923566, 37.486746957345062 ] ] ] } },
{ "type": "Feature", "properties": { "cell_id": 202, "walkability_score": 55.5, "score_15min": 6.0 }, "geometry": { "type": "Polygon", "coordinates": [ [ [ 127.053913640709041, 37.488999476295305 ], [ 127.053915259674696, 37.491251994384491 ], [ 127.051088350065555, 37.491253250647709 ], [ 127.051086815986167, 37.489000732456887 ], [ 127.053913640709041, 37.488999476295305 ] ] ] } },
{ "type": "Feature", "properties": { "cell_id": 203, "walkability_score": 44.2, "score_15min": 6.0 }, "geometry": { "type": "Polygon", "coordinates": [ [ [ 127.053915259674696, 37.491251994384491 ], [ 127.053916878820559, 37.493504511612628 ], [ 127.051089884315715, 37.493505767977481 ], [ 127.051088350065555, 37.491253250647709 ], [ 127.053915259674696, 37.491251994384491 ] ] ] } },
{ "type": "Feature", "properties": { "cell_id": 204, "walkability_score": 59.3, "score_15min": 6.0 }, "geometry": { "type": "Polygon", "coordinates": [ [ [ 127.053916878820559, 37.493504511612628 ], [ 127.053918498146672, 37.495757027979685 ], [ 127.051091418736661, 37.495758284446175 ], [ 127.051089884315715, 37.493505767977481 ], [ 127.053916878820559, 37.493504511612628 ] ] ] } },
{ "type": "Feature", "properties": { "cell_id": 205, "walkability_score": 67.8, "score_15min": 6.0 }, "geometry": { "type": "Polygon", "coordinates": [ [ [ 127.053918498146672, 37.495757027979685 ], [ 127.053920117653036, 37.498009543485658 ], [ 127.05109295332845, 37.498010800053791 ], [ 127.051091418736661, 37.495758284446175 ], [ 127.053918498146672, 37.495757027979685 ] ] ] } },
{ "type": "Feature", "properties": { "cell_id": 206, "walkability_score": 63.8, "score_15min": 6.0 }, "geometry": { "type": "Polygon", "coordinates": [ [ [ 127.053920117653036, 37.498009543485658 ], [ 127.053921737339692, 37.500262058130517 ], [ 127.05109448809101, 37.5002633148003 ], [ 127.05109295332845, 37.498010800053791 ], [ 127.053920117653036, 37.498009543485658 ] ] ] } },
{ "type": "Feature", "properties": { "cell_id": 207, "walkability_score": 63.1, "score_15min": 6.0 }, "geometry": { "type": "Polygon", "coordinates": [ [ [ 127.053921737339692, 37.500262058130517 ], [ 127.053923357206642, 37.502514571914261 ], [ 127.051096023024456, 37.502515828685695 ], [ 127.05109448809101, 37.5002633148003 ], [ 127.053921737339692, 37.500262058130517 ] ] ] } },
{ "type": "Feature", "properties": { "cell_id": 208, "walkability_score": 63.9, "score_15min": 5.0 }, "geometry": { "type": "Polygon", "coordinates": [ [ [ 127.053923357206642, 37.502514571914261 ], [ 127.053924977253928, 37.504767084836828 ], [ 127.051097558128774, 37.504768341709934 ], [ 127.051096023024456, 37.502515828685695 ], [ 127.053923357206642, 37.502514571914261 ] ] ] } },
{ "type": "Feature", "properties": { "cell_id": 209, "walkability_score": 58.8, "score_15min": 5.0 }, "geometry": { "type": "Polygon", "coordinates": [ [ [ 127.053924977253928, 37.504767084836828 ], [ 127.053926597481535, 37.507019596898246 ], [ 127.051099093403963, 37.507020853873016 ], [ 127.051097558128774, 37.504768341709934 ], [ 127.053924977253928, 37.504767084836828 ] ] ] } },
{ "type": "Feature", "properties": { "cell_id": 210, "walkability_score": 43.5, "score_15min": 6.0 }, "geometry": { "type": "Polygon", "coordinates": [ [ [ 127.053926597481535, 37.507019596898246 ], [ 127.053928217889521, 37.509272108098493 ], [ 127.051100628850065, 37.509273365174934 ], [ 127.051099093403963, 37.507020853873016 ], [ 127.053926597481535, 37.507019596898246 ] ] ] } },
{ "type": "Feature", "properties": { "cell_id": 211, "walkability_score": 52.2, "score_15min": 6.0 }, "geometry": { "type": "Polygon", "coordinates": [ [ [ 127.053928217889521, 37.509272108098493 ], [ 127.053929838477899, 37.511524618437534 ], [ 127.05110216446711, 37.511525875615654 ], [ 127.051100628850065, 37.509273365174934 ], [ 127.053928217889521, 37.509272108098493 ] ] ] } },
{ "type": "Feature", "properties": { "cell_id": 212, "walkability_score": 66.3, "score_15min": 6.0 }, "geometry": { "type": "Polygon", "coordinates": [ [ [ 127.053929838477899, 37.511524618437534 ], [ 127.053931459246684, 37.513777127915354 ], [ 127.051103700255084, 37.513778385195174 ], [ 127.05110216446711, 37.511525875615654 ], [ 127.053929838477899, 37.511524618437534 ] ] ] } },
{ "type": "Feature", "properties": { "cell_id": 213, "walkability_score": 56.9, "score_15min": 6.0 }, "geometry": { "type": "Polygon", "coordinates": [ [ [ 127.053931459246684, 37.513777127915354 ], [ 127.05393308019589, 37.516029636531961 ], [ 127.051105236214028, 37.516030893913459 ], [ 127.051103700255084, 37.513778385195174 ], [ 127.053931459246684, 37.513777127915354 ] ] ] } },
{ "type": "Feature", "properties": { "cell_id": 214, "walkability_score": 59.4, "score_15min": 6.0 }, "geometry": { "type": "Polygon", "coordinates": [ [ [ 127.05393308019589, 37.516029636531961 ], [ 127.053934701325559, 37.518282144287276 ], [ 127.051106772343971, 37.518283401770482 ], [ 127.051105236214028, 37.516030893913459 ], [ 127.05393308019589, 37.516029636531961 ] ] ] } },
{ "type": "Feature", "properties": { "cell_id": 215, "walkability_score": 64.8, "score_15min": 6.0 }, "geometry": { "type": "Polygon", "coordinates": [ [ [ 127.053934701325559, 37.518282144287276 ], [ 127.053936322635693, 37.520534651181343 ], [ 127.051108308644928, 37.520535908766256 ], [ 127.051106772343971, 37.518283401770482 ], [ 127.053934701325559, 37.518282144287276 ] ] ] } },
{ "type": "Feature", "properties": { "cell_id": 216, "walkability_score": 38.4, "score_15min": 6.0 }, "geometry": { "type": "Polygon", "coordinates": [ [ [ 127.056733651740402, 37.479988071958289 ], [ 127.056735354833819, 37.482240593384454 ], [ 127.053908784893181, 37.482241916861547 ], [ 127.053907166648173, 37.47998939532831 ], [ 127.056733651740402, 37.479988071958289 ] ] ] } },
{ "type": "Feature", "properties": { "cell_id": 217, "walkability_score": 42.7, "score_15min": 6.0 }, "geometry": { "type": "Polygon", "coordinates": [ [ [ 127.056735354833819, 37.482240593384454 ], [ 127.056737058116866, 37.48449311394964 ], [ 127.053910403318298, 37.484494437533812 ], [ 127.053908784893181, 37.482241916861547 ], [ 127.056735354833819, 37.482240593384454 ] ] ] } },
{ "type": "Feature", "properties": { "cell_id": 218, "walkability_score": 54.3, "score_15min": 6.0 }, "geometry": { "type": "Polygon", "coordinates": [ [ [ 127.056737058116866, 37.48449311394964 ], [ 127.056738761589486, 37.486745633653818 ], [ 127.053912021923566, 37.486746957345062 ], [ 127.053910403318298, 37.484494437533812 ], [ 127.056737058116866, 37.48449311394964 ] ] ] } },
{ "type": "Feature", "properties": { "cell_id": 219, "walkability_score": 44.9, "score_15min": 6.0 }, "geometry": { "type": "Polygon", "coordinates": [ [ [ 127.056738761589486, 37.486745633653818 ], [ 127.056740465251735, 37.488998152496947 ], [ 127.053913640709041, 37.488999476295305 ], [ 127.053912021923566, 37.486746957345062 ], [ 127.056738761589486, 37.486745633653818 ] ] ] } },
{ "type": "Feature", "properties": { "cell_id": 220, "walkability_score": 68.5, "score_15min": 6.0 }, "geometry": { "type": "Polygon", "coordinates": [ [ [ 127.056740465251735, 37.488998152496947 ], [ 127.0567421691036, 37.491250670479047 ], [ 127.053915259674696, 37.491251994384491 ], [ 127.053913640709041, 37.488999476295305 ], [ 127.056740465251735, 37.488998152496947 ] ] ] } },
{ "type": "Feature", "properties": { "cell_id": 221, "walkability_score": 65.3, "score_15min": 6.0 }, "geometry": { "type": "Polygon", "coordinates": [ [ [ 127.0567421691036, 37.491250670479047 ], [ 127.056743873145166, 37.493503187600076 ], [ 127.053916878820559, 37.493504511612628 ], [ 127.053915259674696, 37.491251994384491 ], [ 127.0567421691036, 37.491250670479047 ] ] ] } },
{ "type": "Feature", "properties": { "cell_id": 222, "walkability_score": 56.5, "score_15min": 6.0 }, "geometry": { "type": "Polygon", "coordinates": [ [ [ 127.056743873145166, 37.493503187600076 ], [ 127.056745577376404, 37.495755703860027 ], [ 127.053918498146672, 37.495757027979685 ], [ 127.053916878820559, 37.493504511612628 ], [ 127.056743873145166, 37.493503187600076 ] ] ] } },
{ "type": "Feature", "properties": { "cell_id": 223, "walkability_score": 71.0, "score_15min": 6.0 }, "geometry": { "type": "Polygon", "coordinates": [ [ [ 127.056745577376404, 37.495755703860027 ], [ 127.056747281797371, 37.498008219258871 ], [ 127.053920117653036, 37.498009543485658 ], [ 127.053918498146672, 37.495757027979685 ], [ 127.056745577376404, 37.495755703860027 ] ] ] } },
{ "type": "Feature", "properties": { "cell_id": 224, "walkability_score": 57.0, "score_15min": 6.0 }, "geometry": { "type": "Polygon", "coordinates": [ [ [ 127.056747281797371, 37.498008219258871 ], [ 127.056748986408039, 37.500260733796615 ], [ 127.053921737339692, 37.500262058130517 ], [ 127.053920117653036, 37.498009543485658 ], [ 127.056747281797371, 37.498008219258871 ] ] ] } },
{ "type": "Feature", "properties": { "cell_id": 225, "walkability_score": 58.6, "score_15min": 6.0 }, "geometry": { "type": "Polygon", "coordinates": [ [ [ 127.056748986408039, 37.500260733796615 ], [ 127.056750691208507, 37.50251324747321 ], [ 127.053923357206642, 37.502514571914261 ], [ 127.053921737339692, 37.500262058130517 ], [ 127.056748986408039, 37.500260733796615 ] ] ] } },
{ "type": "Feature", "properties": { "cell_id": 226, "walkability_score": 52.9, "score_15min": 6.0 }, "geometry": { "type": "Polygon", "coordinates": [ [ [ 127.056750691208507, 37.50251324747321 ], [ 127.056752396198732, 37.504765760288656 ], [ 127.053924977253928, 37.504767084836828 ], [ 127.053923357206642, 37.502514571914261 ], [ 127.056750691208507, 37.50251324747321 ] ] ] } },
{ "type": "Feature", "properties": { "cell_id": 227, "walkability_score": 56.3, "score_15min": 5.0 }, "geometry": { "type": "Polygon", "coordinates": [ [ [ 127.056752396198732, 37.504765760288656 ], [ 127.056754101378758, 37.507018272242931 ], [ 127.053926597481535, 37.507019596898246 ], [ 127.053924977253928, 37.504767084836828 ], [ 127.056752396198732, 37.504765760288656 ] ] ] } },
{ "type": "Feature", "properties": { "cell_id": 228, "walkability_score": 55.2, "score_15min": 6.0 }, "geometry": { "type": "Polygon", "coordinates": [ [ [ 127.056754101378758, 37.507018272242931 ], [ 127.056755806748583, 37.509270783336028 ], [ 127.053928217889521, 37.509272108098493 ], [ 127.053926597481535, 37.507019596898246 ], [ 127.056754101378758, 37.507018272242931 ] ] ] } },
{ "type": "Feature", "properties": { "cell_id": 229, "walkability_score": 58.6, "score_15min": 6.0 }, "geometry": { "type": "Polygon", "coordinates": [ [ [ 127.056755806748583, 37.509270783336028 ], [ 127.056757512308295, 37.511523293567905 ], [ 127.053929838477899, 37.511524618437534 ], [ 127.053928217889521, 37.509272108098493 ], [ 127.056755806748583, 37.509270783336028 ] ] ] } },
{ "type": "Feature", "properties": { "cell_id": 230, "walkability_score": 58.0, "score_15min": 6.0 }, "geometry": { "type": "Polygon", "coordinates": [ [ [ 127.056757512308295, 37.511523293567905 ], [ 127.056759218057849, 37.513775802938575 ], [ 127.053931459246684, 37.513777127915354 ], [ 127.053929838477899, 37.511524618437534 ], [ 127.056757512308295, 37.511523293567905 ] ] ] } },
{ "type": "Feature", "properties": { "cell_id": 231, "walkability_score": 46.5, "score_15min": 6.0 }, "geometry": { "type": "Polygon", "coordinates": [ [ [ 127.056759218057849, 37.513775802938575 ], [ 127.056760923997288, 37.516028311448004 ], [ 127.05393308019589, 37.516029636531961 ], [ 127.053931459246684, 37.513777127915354 ], [ 127.056759218057849, 37.513775802938575 ] ] ] } },
{ "type": "Feature", "properties": { "cell_id": 232, "walkability_score": 42.7, "score_15min": 6.0 }, "geometry": { "type": "Polygon", "coordinates": [ [ [ 127.056760923997288, 37.516028311448004 ], [ 127.05676263012667, 37.518280819096162 ], [ 127.053934701325559, 37.518282144287276 ], [ 127.05393308019589, 37.516029636531961 ], [ 127.056760923997288, 37.516028311448004 ] ] ] } },
{ "type": "Feature", "properties": { "cell_id": 233, "walkability_score": 58.3, "score_15min": 6.0 }, "geometry": { "type": "Polygon", "coordinates": [ [ [ 127.05676263012667, 37.518280819096162 ], [ 127.056764336445951, 37.520533325883044 ], [ 127.053936322635693, 37.520534651181343 ], [ 127.053934701325559, 37.518282144287276 ], [ 127.05676263012667, 37.518280819096162 ] ] ] } },
{ "type": "Feature", "properties": { "cell_id": 234, "walkability_score": 35.2, "score_15min": 6.0 }, "geometry": { "type": "Polygon", "coordinates": [ [ [ 127.059560136643043, 37.479986680973397 ], [ 127.059561924584912, 37.482239202287026 ], [ 127.056735354833819, 37.482240593384454 ], [ 127.056733651740402, 37.479988071958289 ], [ 127.059560136643043, 37.479986680973397 ] ] ] } },
{ "type": "Feature", "properties": { "cell_id": 235, "walkability_score": 52.9, "score_15min": 6.0 }, "geometry": { "type": "Polygon", "coordinates": [ [ [ 127.059561924584912, 37.482239202287026 ], [ 127.059563712725804, 37.484491722739662 ], [ 127.056737058116866, 37.48449311394964 ], [ 127.056735354833819, 37.482240593384454 ], [ 127.059561924584912, 37.482239202287026 ] ] ] } },
{ "type": "Feature", "properties": { "cell_id": 236, "walkability_score": 54.1, "score_15min": 6.0 }, "geometry": { "type": "Polygon", "coordinates": [ [ [ 127.059563712725804, 37.484491722739662 ], [ 127.059565501065748, 37.486744242331277 ], [ 127.056738761589486, 37.486745633653818 ], [ 127.056737058116866, 37.48449311394964 ], [ 127.059563712725804, 37.484491722739662 ] ] ] } },
{ "type": "Feature", "properties": { "cell_id": 237, "walkability_score": 42.5, "score_15min": 6.0 }, "geometry": { "type": "Polygon", "coordinates": [ [ [ 127.059565501065748, 37.486744242331277 ], [ 127.059567289604772, 37.488996761061848 ], [ 127.056740465251735, 37.488998152496947 ], [ 127.056738761589486, 37.486745633653818 ], [ 127.059565501065748, 37.486744242331277 ] ] ] } },
{ "type": "Feature", "properties": { "cell_id": 238, "walkability_score": 52.3, "score_15min": 6.0 }, "geometry": { "type": "Polygon", "coordinates": [ [ [ 127.059567289604772, 37.488996761061848 ], [ 127.059569078342875, 37.491249278931377 ], [ 127.0567421691036, 37.491250670479047 ], [ 127.056740465251735, 37.488998152496947 ], [ 127.059567289604772, 37.488996761061848 ] ] ] } },
{ "type": "Feature", "properties": { "cell_id": 239, "walkability_score": 69.1, "score_15min": 6.0 }, "geometry": { "type": "Polygon", "coordinates": [ [ [ 127.059569078342875, 37.491249278931377 ], [ 127.059570867280073, 37.493501795939828 ], [ 127.056743873145166, 37.493503187600076 ], [ 127.0567421691036, 37.491250670479047 ], [ 127.059569078342875, 37.491249278931377 ] ] ] } },
{ "type": "Feature", "properties": { "cell_id": 240, "walkability_score": 54.2, "score_15min": 6.0 }, "geometry": { "type": "Polygon", "coordinates": [ [ [ 127.059570867280073, 37.493501795939828 ], [ 127.059572656416435, 37.4957543120872 ], [ 127.056745577376404, 37.495755703860027 ], [ 127.056743873145166, 37.493503187600076 ], [ 127.059570867280073, 37.493501795939828 ] ] ] } },
{ "type": "Feature", "properties": { "cell_id": 241, "walkability_score": 62.2, "score_15min": 6.0 }, "geometry": { "type": "Polygon", "coordinates": [ [ [ 127.059572656416435, 37.4957543120872 ], [ 127.059574445751963, 37.498006827373459 ], [ 127.056747281797371, 37.498008219258871 ], [ 127.056745577376404, 37.495755703860027 ], [ 127.059572656416435, 37.4957543120872 ] ] ] } },
{ "type": "Feature", "properties": { "cell_id": 242, "walkability_score": 59.9, "score_15min": 6.0 }, "geometry": { "type": "Polygon", "coordinates": [ [ [ 127.059574445751963, 37.498006827373459 ], [ 127.059576235286656, 37.500259341798596 ], [ 127.056748986408039, 37.500260733796615 ], [ 127.056747281797371, 37.498008219258871 ], [ 127.059574445751963, 37.498006827373459 ] ] ] } },
{ "type": "Feature", "properties": { "cell_id": 243, "walkability_score": 54.1, "score_15min": 6.0 }, "geometry": { "type": "Polygon", "coordinates": [ [ [ 127.059576235286656, 37.500259341798596 ], [ 127.059578025020585, 37.502511855362592 ], [ 127.056750691208507, 37.50251324747321 ], [ 127.056748986408039, 37.500260733796615 ], [ 127.059576235286656, 37.500259341798596 ] ] ] } },
{ "type": "Feature", "properties": { "cell_id": 244, "walkability_score": 47.1, "score_15min": 6.0 }, "geometry": { "type": "Polygon", "coordinates": [ [ [ 127.059578025020585, 37.502511855362592 ], [ 127.059579814953722, 37.50476436806543 ], [ 127.056752396198732, 37.504765760288656 ], [ 127.056750691208507, 37.50251324747321 ], [ 127.059578025020585, 37.502511855362592 ] ] ] } },
{ "type": "Feature", "properties": { "cell_id": 245, "walkability_score": 54.3, "score_15min": 6.0 }, "geometry": { "type": "Polygon", "coordinates": [ [ [ 127.059579814953722, 37.50476436806543 ], [ 127.059581605086137, 37.507016879907091 ], [ 127.056754101378758, 37.507018272242931 ], [ 127.056752396198732, 37.504765760288656 ], [ 127.059579814953722, 37.50476436806543 ] ] ] } },
{ "type": "Feature", "properties": { "cell_id": 246, "walkability_score": 55.9, "score_15min": 5.0 }, "geometry": { "type": "Polygon", "coordinates": [ [ [ 127.059581605086137, 37.507016879907091 ], [ 127.059583395417818, 37.509269390887553 ], [ 127.056755806748583, 37.509270783336028 ], [ 127.056754101378758, 37.507018272242931 ], [ 127.059581605086137, 37.507016879907091 ] ] ] } },
{ "type": "Feature", "properties": { "cell_id": 247, "walkability_score": 56.9, "score_15min": 6.0 }, "geometry": { "type": "Polygon", "coordinates": [ [ [ 127.059583395417818, 37.509269390887553 ], [ 127.059585185948805, 37.511521901006809 ], [ 127.056757512308295, 37.511523293567905 ], [ 127.056755806748583, 37.509270783336028 ], [ 127.059583395417818, 37.509269390887553 ] ] ] } },
{ "type": "Feature", "properties": { "cell_id": 248, "walkability_score": 52.5, "score_15min": 6.0 }, "geometry": { "type": "Polygon", "coordinates": [ [ [ 127.059585185948805, 37.511521901006809 ], [ 127.059586976679128, 37.513774410264837 ], [ 127.056759218057849, 37.513775802938575 ], [ 127.056757512308295, 37.511523293567905 ], [ 127.059585185948805, 37.511521901006809 ] ] ] } },
{ "type": "Feature", "properties": { "cell_id": 249, "walkability_score": 58.3, "score_15min": 6.0 }, "geometry": { "type": "Polygon", "coordinates": [ [ [ 127.059586976679128, 37.513774410264837 ], [ 127.059588767608787, 37.516026918661616 ], [ 127.056760923997288, 37.516028311448004 ], [ 127.056759218057849, 37.513775802938575 ], [ 127.059586976679128, 37.513774410264837 ] ] ] } },
{ "type": "Feature", "properties": { "cell_id": 250, "walkability_score": 45.1, "score_15min": 6.0 }, "geometry": { "type": "Polygon", "coordinates": [ [ [ 127.059588767608787, 37.516026918661616 ], [ 127.059590558737824, 37.518279426197125 ], [ 127.05676263012667, 37.518280819096162 ], [ 127.056760923997288, 37.516028311448004 ], [ 127.059588767608787, 37.516026918661616 ] ] ] } },
{ "type": "Feature", "properties": { "cell_id": 251, "walkability_score": 59.9, "score_15min": 6.0 }, "geometry": { "type": "Polygon", "coordinates": [ [ [ 127.059590558737824, 37.518279426197125 ], [ 127.059592350066268, 37.520531932871343 ], [ 127.056764336445951, 37.520533325883044 ], [ 127.05676263012667, 37.518280819096162 ], [ 127.059590558737824, 37.518279426197125 ] ] ] } },
{ "type": "Feature", "properties": { "cell_id": 252, "walkability_score": 49.1, "score_15min": 6.0 }, "geometry": { "type": "Polygon", "coordinates": [ [ [ 127.062386621346704, 37.479985222373664 ], [ 127.062388494136997, 37.482237743569286 ], [ 127.059561924584912, 37.482239202287026 ], [ 127.059560136643043, 37.479986680973397 ], [ 127.062386621346704, 37.479985222373664 ] ] ] } },
{ "type": "Feature", "properties": { "cell_id": 253, "walkability_score": 63.3, "score_15min": 6.0 }, "geometry": { "type": "Polygon", "coordinates": [ [ [ 127.062388494136997, 37.482237743569286 ], [ 127.06239036713572, 37.484490263903893 ], [ 127.059563712725804, 37.484491722739662 ], [ 127.059561924584912, 37.482239202287026 ], [ 127.062388494136997, 37.482237743569286 ] ] ] } },
{ "type": "Feature", "properties": { "cell_id": 254, "walkability_score": 50.8, "score_15min": 6.0 }, "geometry": { "type": "Polygon", "coordinates": [ [ [ 127.06239036713572, 37.484490263903893 ], [ 127.062392240342973, 37.48674278337748 ], [ 127.059565501065748, 37.486744242331277 ], [ 127.059563712725804, 37.484491722739662 ], [ 127.06239036713572, 37.484490263903893 ] ] ] } },
{ "type": "Feature", "properties": { "cell_id": 255, "walkability_score": 41.9, "score_15min": 6.0 }, "geometry": { "type": "Polygon", "coordinates": [ [ [ 127.062392240342973, 37.48674278337748 ], [ 127.0623941137587, 37.488995301990023 ], [ 127.059567289604772, 37.488996761061848 ], [ 127.059565501065748, 37.486744242331277 ], [ 127.062392240342973, 37.48674278337748 ] ] ] } },
{ "type": "Feature", "properties": { "cell_id": 256, "walkability_score": 42.9, "score_15min": 6.0 }, "geometry": { "type": "Polygon", "coordinates": [ [ [ 127.0623941137587, 37.488995301990023 ], [ 127.062395987383013, 37.491247819741503 ], [ 127.059569078342875, 37.491249278931377 ], [ 127.059567289604772, 37.488996761061848 ], [ 127.0623941137587, 37.488995301990023 ] ] ] } },
{ "type": "Feature", "properties": { "cell_id": 257, "walkability_score": 61.2, "score_15min": 6.0 }, "geometry": { "type": "Polygon", "coordinates": [ [ [ 127.062395987383013, 37.491247819741503 ], [ 127.062397861215857, 37.493500336631897 ], [ 127.059570867280073, 37.493501795939828 ], [ 127.059569078342875, 37.491249278931377 ], [ 127.062395987383013, 37.491247819741503 ] ] ] } },
{ "type": "Feature", "properties": { "cell_id": 258, "walkability_score": 65.1, "score_15min": 6.0 }, "geometry": { "type": "Polygon", "coordinates": [ [ [ 127.062397861215857, 37.493500336631897 ], [ 127.062399735257301, 37.495752852661212 ], [ 127.059572656416435, 37.4957543120872 ], [ 127.059570867280073, 37.493501795939828 ], [ 127.062397861215857, 37.493500336631897 ] ] ] } },
{ "type": "Feature", "properties": { "cell_id": 259, "walkability_score": 60.6, "score_15min": 6.0 }, "geometry": { "type": "Polygon", "coordinates": [ [ [ 127.062399735257301, 37.495752852661212 ], [ 127.062401609507361, 37.498005367829414 ], [ 127.059574445751963, 37.498006827373459 ], [ 127.059572656416435, 37.4957543120872 ], [ 127.062399735257301, 37.495752852661212 ] ] ] } },
{ "type": "Feature", "properties": { "cell_id": 260, "walkability_score": 57.2, "score_15min": 6.0 }, "geometry": { "type": "Polygon", "coordinates": [ [ [ 127.062401609507361, 37.498005367829414 ], [ 127.062403483966065, 37.500257882136488 ], [ 127.059576235286656, 37.500259341798596 ], [ 127.059574445751963, 37.498006827373459 ], [ 127.062401609507361, 37.498005367829414 ] ] ] } },
{ "type": "Feature", "properties": { "cell_id": 261, "walkability_score": 48.4, "score_15min": 6.0 }, "geometry": { "type": "Polygon", "coordinates": [ [ [ 127.062403483966065, 37.500257882136488 ], [ 127.062405358633427, 37.502510395582398 ], [ 127.059578025020585, 37.502511855362592 ], [ 127.059576235286656, 37.500259341798596 ], [ 127.062403483966065, 37.500257882136488 ] ] ] } },
{ "type": "Feature", "properties": { "cell_id": 262, "walkability_score": 52.3, "score_15min": 6.0 }, "geometry": { "type": "Polygon", "coordinates": [ [ [ 127.062405358633427, 37.502510395582398 ], [ 127.062407233509489, 37.504762908167159 ], [ 127.059579814953722, 37.50476436806543 ], [ 127.059578025020585, 37.502511855362592 ], [ 127.062405358633427, 37.502510395582398 ] ] ] } },
{ "type": "Feature", "properties": { "cell_id": 263, "walkability_score": 46.6, "score_15min": 6.0 }, "geometry": { "type": "Polygon", "coordinates": [ [ [ 127.062407233509489, 37.504762908167159 ], [ 127.062409108594238, 37.50701541989072 ], [ 127.059581605086137, 37.507016879907091 ], [ 127.059579814953722, 37.50476436806543 ], [ 127.062407233509489, 37.504762908167159 ] ] ] } },
{ "type": "Feature", "properties": { "cell_id": 264, "walkability_score": 57.4, "score_15min": 5.0 }, "geometry": { "type": "Polygon", "coordinates": [ [ [ 127.062409108594238, 37.50701541989072 ], [ 127.062410983887744, 37.50926793075309 ], [ 127.059583395417818, 37.509269390887553 ], [ 127.059581605086137, 37.507016879907091 ], [ 127.062409108594238, 37.50701541989072 ] ] ] } },
{ "type": "Feature", "properties": { "cell_id": 265, "walkability_score": 64.5, "score_15min": 5.0 }, "geometry": { "type": "Polygon", "coordinates": [ [ [ 127.062410983887744, 37.50926793075309 ], [ 127.062412859390008, 37.511520440754232 ], [ 127.059585185948805, 37.511521901006809 ], [ 127.059583395417818, 37.509269390887553 ], [ 127.062410983887744, 37.50926793075309 ] ] ] } },
{ "type": "Feature", "properties": { "cell_id": 266, "walkability_score": 51.4, "score_15min": 6.0 }, "geometry": { "type": "Polygon", "coordinates": [ [ [ 127.062412859390008, 37.511520440754232 ], [ 127.062414735101058, 37.513772949894147 ], [ 127.059586976679128, 37.513774410264837 ], [ 127.059585185948805, 37.511521901006809 ], [ 127.062412859390008, 37.511520440754232 ] ] ] } },
{ "type": "Feature", "properties": { "cell_id": 267, "walkability_score": 67.8, "score_15min": 6.0 }, "geometry": { "type": "Polygon", "coordinates": [ [ [ 127.062414735101058, 37.513772949894147 ], [ 127.062416611020907, 37.516025458172813 ], [ 127.059588767608787, 37.516026918661616 ], [ 127.059586976679128, 37.513774410264837 ], [ 127.062414735101058, 37.513772949894147 ] ] ] } },
{ "type": "Feature", "properties": { "cell_id": 268, "walkability_score": 50.9, "score_15min": 6.0 }, "geometry": { "type": "Polygon", "coordinates": [ [ [ 127.062416611020907, 37.516025458172813 ], [ 127.062418487149614, 37.518277965590187 ], [ 127.059590558737824, 37.518279426197125 ], [ 127.059588767608787, 37.516026918661616 ], [ 127.062416611020907, 37.516025458172813 ] ] ] } },
{ "type": "Feature", "properties": { "cell_id": 269, "walkability_score": 43.7, "score_15min": 6.0 }, "geometry": { "type": "Polygon", "coordinates": [ [ [ 127.062418487149614, 37.518277965590187 ], [ 127.062420363487163, 37.520530472146284 ], [ 127.059592350066268, 37.520531932871343 ], [ 127.059590558737824, 37.518279426197125 ], [ 127.062418487149614, 37.518277965590187 ] ] ] } },
{ "type": "Feature", "properties": { "cell_id": 270, "walkability_score": 48.8, "score_15min": 6.0 }, "geometry": { "type": "Polygon", "coordinates": [ [ [ 127.06521310584192, 37.47998369615911 ], [ 127.065215063480579, 37.482236217231247 ], [ 127.062388494136997, 37.482237743569286 ], [ 127.062386621346704, 37.479985222373664 ], [ 127.06521310584192, 37.47998369615911 ] ] ] } },
{ "type": "Feature", "properties": { "cell_id": 271, "walkability_score": 51.8, "score_15min": 6.0 }, "geometry": { "type": "Polygon", "coordinates": [ [ [ 127.065215063480579, 37.482236217231247 ], [ 127.065217021337148, 37.484488737442348 ], [ 127.06239036713572, 37.484490263903893 ], [ 127.062388494136997, 37.482237743569286 ], [ 127.065215063480579, 37.482236217231247 ] ] ] } },
{ "type": "Feature", "properties": { "cell_id": 272, "walkability_score": 41.8, "score_15min": 6.0 }, "geometry": { "type": "Polygon", "coordinates": [ [ [ 127.065217021337148, 37.484488737442348 ], [ 127.06521897941164, 37.486741256792435 ], [ 127.062392240342973, 37.48674278337748 ], [ 127.06239036713572, 37.484490263903893 ], [ 127.065217021337148, 37.484488737442348 ] ] ] } },
{ "type": "Feature", "properties": { "cell_id": 273, "walkability_score": 51.5, "score_15min": 6.0 }, "geometry": { "type": "Polygon", "coordinates": [ [ [ 127.06521897941164, 37.486741256792435 ], [ 127.065220937704126, 37.488993775281472 ], [ 127.0623941137587, 37.488995301990023 ], [ 127.062392240342973, 37.48674278337748 ], [ 127.06521897941164, 37.486741256792435 ] ] ] } },
{ "type": "Feature", "properties": { "cell_id": 274, "walkability_score": 48.9, "score_15min": 6.0 }, "geometry": { "type": "Polygon", "coordinates": [ [ [ 127.065220937704126, 37.488993775281472 ], [ 127.065222896214578, 37.491246292909445 ], [ 127.062395987383013, 37.491247819741503 ], [ 127.0623941137587, 37.488995301990023 ], [ 127.065220937704126, 37.488993775281472 ] ] ] } },
{ "type": "Feature", "properties": { "cell_id": 275, "walkability_score": 59.5, "score_15min": 6.0 }, "geometry": { "type": "Polygon", "coordinates": [ [ [ 127.065222896214578, 37.491246292909445 ], [ 127.065224854943054, 37.493498809676325 ], [ 127.062397861215857, 37.493500336631897 ], [ 127.062395987383013, 37.491247819741503 ], [ 127.065222896214578, 37.491246292909445 ] ] ] } },
{ "type": "Feature", "properties": { "cell_id": 276, "walkability_score": 66.4, "score_15min": 6.0 }, "geometry": { "type": "Polygon", "coordinates": [ [ [ 127.065224854943054, 37.493498809676325 ], [ 127.065226813889552, 37.495751325582106 ], [ 127.062399735257301, 37.495752852661212 ], [ 127.062397861215857, 37.493500336631897 ], [ 127.065224854943054, 37.493498809676325 ] ] ] } },
{ "type": "Feature", "properties": { "cell_id": 277, "walkability_score": 54.3, "score_15min": 6.0 }, "geometry": { "type": "Polygon", "coordinates": [ [ [ 127.065226813889552, 37.495751325582106 ], [ 127.065228773054145, 37.498003840626765 ], [ 127.062401609507361, 37.498005367829414 ], [ 127.062399735257301, 37.495752852661212 ], [ 127.065226813889552, 37.495751325582106 ] ] ] } },
{ "type": "Feature", "properties": { "cell_id": 278, "walkability_score": 63.8, "score_15min": 6.0 }, "geometry": { "type": "Polygon", "coordinates": [ [ [ 127.065228773054145, 37.498003840626765 ], [ 127.065230732436817, 37.500256354810283 ], [ 127.062403483966065, 37.500257882136488 ], [ 127.062401609507361, 37.498005367829414 ], [ 127.065228773054145, 37.498003840626765 ] ] ] } },
{ "type": "Feature", "properties": { "cell_id": 279, "walkability_score": 54.7, "score_15min": 6.0 }, "geometry": { "type": "Polygon", "coordinates": [ [ [ 127.065230732436817, 37.500256354810283 ], [ 127.065232692037597, 37.502508868132658 ], [ 127.062405358633427, 37.502510395582398 ], [ 127.062403483966065, 37.500257882136488 ], [ 127.065230732436817, 37.500256354810283 ] ] ] } },
{ "type": "Feature", "properties": { "cell_id": 280, "walkability_score": 49.9, "score_15min": 6.0 }, "geometry": { "type": "Polygon", "coordinates": [ [ [ 127.065232692037597, 37.502508868132658 ], [ 127.065234651856514, 37.504761380593841 ], [ 127.062407233509489, 37.504762908167159 ], [ 127.062405358633427, 37.502510395582398 ], [ 127.065232692037597, 37.502508868132658 ] ] ] } },
{ "type": "Feature", "properties": { "cell_id": 281, "walkability_score": 50.3, "score_15min": 6.0 }, "geometry": { "type": "Polygon", "coordinates": [ [ [ 127.065234651856514, 37.504761380593841 ], [ 127.06523661189361, 37.507013892193847 ], [ 127.062409108594238, 37.50701541989072 ], [ 127.062407233509489, 37.504762908167159 ], [ 127.065234651856514, 37.504761380593841 ] ] ] } },
{ "type": "Feature", "properties": { "cell_id": 282, "walkability_score": 60.5, "score_15min": 5.0 }, "geometry": { "type": "Polygon", "coordinates": [ [ [ 127.06523661189361, 37.507013892193847 ], [ 127.0652385721489, 37.509266402932646 ], [ 127.062410983887744, 37.50926793075309 ], [ 127.062409108594238, 37.50701541989072 ], [ 127.06523661189361, 37.507013892193847 ] ] ] } },
{ "type": "Feature", "properties": { "cell_id": 283, "walkability_score": 58.1, "score_15min": 5.0 }, "geometry": { "type": "Polygon", "coordinates": [ [ [ 127.0652385721489, 37.509266402932646 ], [ 127.065240532622425, 37.51151891281021 ], [ 127.062412859390008, 37.511520440754232 ], [ 127.062410983887744, 37.50926793075309 ], [ 127.0652385721489, 37.509266402932646 ] ] ] } },
{ "type": "Feature", "properties": { "cell_id": 284, "walkability_score": 48.9, "score_15min": 6.0 }, "geometry": { "type": "Polygon", "coordinates": [ [ [ 127.065240532622425, 37.51151891281021 ], [ 127.065242493314159, 37.51377142182654 ], [ 127.062414735101058, 37.513772949894147 ], [ 127.062412859390008, 37.511520440754232 ], [ 127.065240532622425, 37.51151891281021 ] ] ] } },
{ "type": "Feature", "properties": { "cell_id": 285, "walkability_score": 62.2, "score_15min": 6.0 }, "geometry": { "type": "Polygon", "coordinates": [ [ [ 127.065242493314159, 37.51377142182654 ], [ 127.065244454224185, 37.5160239299816 ], [ 127.062416611020907, 37.516025458172813 ], [ 127.062414735101058, 37.513772949894147 ], [ 127.065242493314159, 37.51377142182654 ] ] ] } },
{ "type": "Feature", "properties": { "cell_id": 286, "walkability_score": 52.0, "score_15min": 6.0 }, "geometry": { "type": "Polygon", "coordinates": [ [ [ 127.065244454224185, 37.5160239299816 ], [ 127.065246415352519, 37.518276437275389 ], [ 127.062418487149614, 37.518277965590187 ], [ 127.062416611020907, 37.516025458172813 ], [ 127.065244454224185, 37.5160239299816 ] ] ] } },
{ "type": "Feature", "properties": { "cell_id": 287, "walkability_score": 34.4, "score_15min": 6.0 }, "geometry": { "type": "Polygon", "coordinates": [ [ [ 127.065246415352519, 37.518276437275389 ], [ 127.065248376699174, 37.520528943707866 ], [ 127.062420363487163, 37.520530472146284 ], [ 127.062418487149614, 37.518277965590187 ], [ 127.065246415352519, 37.518276437275389 ] ] ] } },
{ "type": "Feature", "properties": { "cell_id": 288, "walkability_score": 36.3, "score_15min": 6.0 }, "geometry": { "type": "Polygon", "coordinates": [ [ [ 127.068039590119241, 37.479982102329721 ], [ 127.068041632606267, 37.482234623272902 ], [ 127.065215063480579, 37.482236217231247 ], [ 127.06521310584192, 37.47998369615911 ], [ 127.068039590119241, 37.479982102329721 ] ] ] } },
{ "type": "Feature", "properties": { "cell_id": 289, "walkability_score": 46.7, "score_15min": 6.0 }, "geometry": { "type": "Polygon", "coordinates": [ [ [ 127.068041632606267, 37.482234623272902 ], [ 127.068043675320624, 37.484487143355047 ], [ 127.065217021337148, 37.484488737442348 ], [ 127.065215063480579, 37.482236217231247 ], [ 127.068041632606267, 37.482234623272902 ] ] ] } },
{ "type": "Feature", "properties": { "cell_id": 290, "walkability_score": 53.4, "score_15min": 6.0 }, "geometry": { "type": "Polygon", "coordinates": [ [ [ 127.068043675320624, 37.484487143355047 ], [ 127.068045718262383, 37.48673966257617 ], [ 127.06521897941164, 37.486741256792435 ], [ 127.065217021337148, 37.484488737442348 ], [ 127.068043675320624, 37.484487143355047 ] ] ] } },
{ "type": "Feature", "properties": { "cell_id": 291, "walkability_score": 68.7, "score_15min": 6.0 }, "geometry": { "type": "Polygon", "coordinates": [ [ [ 127.068045718262383, 37.48673966257617 ], [ 127.068047761431529, 37.488992180936229 ], [ 127.065220937704126, 37.488993775281472 ], [ 127.06521897941164, 37.486741256792435 ], [ 127.068045718262383, 37.48673966257617 ] ] ] } },
{ "type": "Feature", "properties": { "cell_id": 292, "walkability_score": 61.5, "score_15min": 6.0 }, "geometry": { "type": "Polygon", "coordinates": [ [ [ 127.068047761431529, 37.488992180936229 ], [ 127.068049804828149, 37.49124469843521 ], [ 127.065222896214578, 37.491246292909445 ], [ 127.065220937704126, 37.488993775281472 ], [ 127.068047761431529, 37.488992180936229 ] ] ] } },
{ "type": "Feature", "properties": { "cell_id": 293, "walkability_score": 43.3, "score_15min": 6.0 }, "geometry": { "type": "Polygon", "coordinates": [ [ [ 127.068049804828149, 37.49124469843521 ], [ 127.068051848452185, 37.493497215073099 ], [ 127.065224854943054, 37.493498809676325 ], [ 127.065222896214578, 37.491246292909445 ], [ 127.068049804828149, 37.49124469843521 ] ] ] } },
{ "type": "Feature", "properties": { "cell_id": 294, "walkability_score": 60.3, "score_15min": 6.0 }, "geometry": { "type": "Polygon", "coordinates": [ [ [ 127.068051848452185, 37.493497215073099 ], [ 127.068053892303752, 37.495749730849873 ], [ 127.065226813889552, 37.495751325582106 ], [ 127.065224854943054, 37.493498809676325 ], [ 127.068051848452185, 37.493497215073099 ] ] ] } },
{ "type": "Feature", "properties": { "cell_id": 295, "walkability_score": 51.0, "score_15min": 6.0 }, "geometry": { "type": "Polygon", "coordinates": [ [ [ 127.068053892303752, 37.495749730849873 ], [ 127.068055936382805, 37.498002245765512 ], [ 127.065228773054145, 37.498003840626765 ], [ 127.065226813889552, 37.495751325582106 ], [ 127.068053892303752, 37.495749730849873 ] ] ] } },
{ "type": "Feature", "properties": { "cell_id": 296, "walkability_score": 58.4, "score_15min": 6.0 }, "geometry": { "type": "Polygon", "coordinates": [ [ [ 127.068055936382805, 37.498002245765512 ], [ 127.068057980689417, 37.500254759820017 ], [ 127.065230732436817, 37.500256354810283 ], [ 127.065228773054145, 37.498003840626765 ], [ 127.068055936382805, 37.498002245765512 ] ] ] } },
{ "type": "Feature", "properties": { "cell_id": 297, "walkability_score": 51.7, "score_15min": 6.0 }, "geometry": { "type": "Polygon", "coordinates": [ [ [ 127.068057980689417, 37.500254759820017 ], [ 127.068060025223602, 37.502507273013372 ], [ 127.065232692037597, 37.502508868132658 ], [ 127.065230732436817, 37.500256354810283 ], [ 127.068057980689417, 37.500254759820017 ] ] ] } },
{ "type": "Feature", "properties": { "cell_id": 298, "walkability_score": 52.6, "score_15min": 6.0 }, "geometry": { "type": "Polygon", "coordinates": [ [ [ 127.068060025223602, 37.502507273013372 ], [ 127.068062069985388, 37.50475978534552 ], [ 127.065234651856514, 37.504761380593841 ], [ 127.065232692037597, 37.502508868132658 ], [ 127.068060025223602, 37.502507273013372 ] ] ] } },
{ "type": "Feature", "properties": { "cell_id": 299, "walkability_score": 45.3, "score_15min": 5.0 }, "geometry": { "type": "Polygon", "coordinates": [ [ [ 127.068062069985388, 37.50475978534552 ], [ 127.068064114974803, 37.507012296816484 ], [ 127.06523661189361, 37.507013892193847 ], [ 127.065234651856514, 37.504761380593841 ], [ 127.068062069985388, 37.50475978534552 ] ] ] } },
{ "type": "Feature", "properties": { "cell_id": 300, "walkability_score": 54.0, "score_15min": 5.0 }, "geometry": { "type": "Polygon", "coordinates": [ [ [ 127.068064114974803, 37.507012296816484 ], [ 127.068066160191833, 37.509264807426241 ], [ 127.0652385721489, 37.509266402932646 ], [ 127.06523661189361, 37.507013892193847 ], [ 127.068064114974803, 37.507012296816484 ] ] ] } },
{ "type": "Feature", "properties": { "cell_id": 301, "walkability_score": 52.5, "score_15min": 6.0 }, "geometry": { "type": "Polygon", "coordinates": [ [ [ 127.068066160191833, 37.509264807426241 ], [ 127.068068205636578, 37.511517317174757 ], [ 127.065240532622425, 37.51151891281021 ], [ 127.0652385721489, 37.509266402932646 ], [ 127.068066160191833, 37.509264807426241 ] ] ] } },
{ "type": "Feature", "properties": { "cell_id": 302, "walkability_score": 47.1, "score_15min": 6.0 }, "geometry": { "type": "Polygon", "coordinates": [ [ [ 127.068068205636578, 37.511517317174757 ], [ 127.068070251309024, 37.513769826062017 ], [ 127.065242493314159, 37.51377142182654 ], [ 127.065240532622425, 37.51151891281021 ], [ 127.068068205636578, 37.511517317174757 ] ] ] } },
{ "type": "Feature", "properties": { "cell_id": 303, "walkability_score": 46.0, "score_15min": 6.0 }, "geometry": { "type": "Polygon", "coordinates": [ [ [ 127.068070251309024, 37.513769826062017 ], [ 127.068072297209184, 37.516022334088007 ], [ 127.065244454224185, 37.5160239299816 ], [ 127.065242493314159, 37.51377142182654 ], [ 127.068070251309024, 37.513769826062017 ] ] ] } },
{ "type": "Feature", "properties": { "cell_id": 304, "walkability_score": 41.9, "score_15min": 6.0 }, "geometry": { "type": "Polygon", "coordinates": [ [ [ 127.068072297209184, 37.516022334088007 ], [ 127.068074343337116, 37.518274841252705 ], [ 127.065246415352519, 37.518276437275389 ], [ 127.065244454224185, 37.5160239299816 ], [ 127.068072297209184, 37.516022334088007 ] ] ] } },
{ "type": "Feature", "properties": { "cell_id": 305, "walkability_score": 28.7, "score_15min": 6.0 }, "geometry": { "type": "Polygon", "coordinates": [ [ [ 127.068074343337116, 37.518274841252705 ], [ 127.06807638969282, 37.520527347556119 ], [ 127.065248376699174, 37.520528943707866 ], [ 127.065246415352519, 37.518276437275389 ], [ 127.068074343337116, 37.518274841252705 ] ] ] } },
{ "type": "Feature", "properties": { "cell_id": 306, "walkability_score": 26.6, "score_15min": 6.0 }, "geometry": { "type": "Polygon", "coordinates": [ [ [ 127.07086607416926, 37.479980440885548 ], [ 127.070868201504581, 37.482232961694294 ], [ 127.068041632606267, 37.482234623272902 ], [ 127.068039590119241, 37.479982102329721 ], [ 127.07086607416926, 37.479980440885548 ] ] ] } },
{ "type": "Feature", "properties": { "cell_id": 307, "walkability_score": 43.0, "score_15min": 6.0 }, "geometry": { "type": "Polygon", "coordinates": [ [ [ 127.070868201504581, 37.482232961694294 ], [ 127.070870329076712, 37.484485481642004 ], [ 127.068043675320624, 37.484487143355047 ], [ 127.068041632606267, 37.482234623272902 ], [ 127.070868201504581, 37.482232961694294 ] ] ] } },
{ "type": "Feature", "properties": { "cell_id": 308, "walkability_score": 52.0, "score_15min": 6.0 }, "geometry": { "type": "Polygon", "coordinates": [ [ [ 127.070870329076712, 37.484485481642004 ], [ 127.070872456885681, 37.486738000728678 ], [ 127.068045718262383, 37.48673966257617 ], [ 127.068043675320624, 37.484487143355047 ], [ 127.070870329076712, 37.484485481642004 ] ] ] } },
{ "type": "Feature", "properties": { "cell_id": 309, "walkability_score": 56.6, "score_15min": 6.0 }, "geometry": { "type": "Polygon", "coordinates": [ [ [ 127.070872456885681, 37.486738000728678 ], [ 127.070874584931516, 37.488990518954289 ], [ 127.068047761431529, 37.488992180936229 ], [ 127.068045718262383, 37.48673966257617 ], [ 127.070872456885681, 37.486738000728678 ] ] ] } },
{ "type": "Feature", "properties": { "cell_id": 310, "walkability_score": 58.6, "score_15min": 6.0 }, "geometry": { "type": "Polygon", "coordinates": [ [ [ 127.070874584931516, 37.488990518954289 ], [ 127.070876713214233, 37.491243036318814 ], [ 127.068049804828149, 37.49124469843521 ], [ 127.068047761431529, 37.488992180936229 ], [ 127.070874584931516, 37.488990518954289 ] ] ] } },
{ "type": "Feature", "properties": { "cell_id": 311, "walkability_score": 39.2, "score_15min": 6.0 }, "geometry": { "type": "Polygon", "coordinates": [ [ [ 127.070876713214233, 37.491243036318814 ], [ 127.070878841733844, 37.493495552822225 ], [ 127.068051848452185, 37.493497215073099 ], [ 127.068049804828149, 37.49124469843521 ], [ 127.070876713214233, 37.491243036318814 ] ] ] } },
{ "type": "Feature", "properties": { "cell_id": 312, "walkability_score": 43.8, "score_15min": 6.0 }, "geometry": { "type": "Polygon", "coordinates": [ [ [ 127.070878841733844, 37.493495552822225 ], [ 127.070880970490407, 37.495748068464529 ], [ 127.068053892303752, 37.495749730849873 ], [ 127.068051848452185, 37.493497215073099 ], [ 127.070878841733844, 37.493495552822225 ] ] ] } },
{ "type": "Feature", "properties": { "cell_id": 313, "walkability_score": 55.7, "score_15min": 6.0 }, "geometry": { "type": "Polygon", "coordinates": [ [ [ 127.070880970490407, 37.495748068464529 ], [ 127.07088309948395, 37.498000583245705 ], [ 127.068055936382805, 37.498002245765512 ], [ 127.068053892303752, 37.495749730849873 ], [ 127.070880970490407, 37.495748068464529 ] ] ] } },
{ "type": "Feature", "properties": { "cell_id": 314, "walkability_score": 55.5, "score_15min": 6.0 }, "geometry": { "type": "Polygon", "coordinates": [ [ [ 127.07088309948395, 37.498000583245705 ], [ 127.070885228714474, 37.500253097165718 ], [ 127.068057980689417, 37.500254759820017 ], [ 127.068055936382805, 37.498002245765512 ], [ 127.07088309948395, 37.498000583245705 ] ] ] } },
{ "type": "Feature", "properties": { "cell_id": 315, "walkability_score": 39.6, "score_15min": 5.0 }, "geometry": { "type": "Polygon", "coordinates": [ [ [ 127.070885228714474, 37.500253097165718 ], [ 127.070887358182034, 37.50250561022456 ], [ 127.068060025223602, 37.502507273013372 ], [ 127.068057980689417, 37.500254759820017 ], [ 127.070885228714474, 37.500253097165718 ] ] ] } },
{ "type": "Feature", "properties": { "cell_id": 316, "walkability_score": 33.0, "score_15min": 5.0 }, "geometry": { "type": "Polygon", "coordinates": [ [ [ 127.070887358182034, 37.50250561022456 ], [ 127.070889487886618, 37.50475812242221 ], [ 127.068062069985388, 37.50475978534552 ], [ 127.068060025223602, 37.502507273013372 ], [ 127.070887358182034, 37.50250561022456 ] ] ] } },
{ "type": "Feature", "properties": { "cell_id": 317, "walkability_score": 29.1, "score_15min": 6.0 }, "geometry": { "type": "Polygon", "coordinates": [ [ [ 127.070889487886618, 37.50475812242221 ], [ 127.070891617828309, 37.507010633758668 ], [ 127.068064114974803, 37.507012296816484 ], [ 127.068062069985388, 37.50475978534552 ], [ 127.070889487886618, 37.50475812242221 ] ] ] } },
{ "type": "Feature", "properties": { "cell_id": 318, "walkability_score": 34.0, "score_15min": 6.0 }, "geometry": { "type": "Polygon", "coordinates": [ [ [ 127.070891617828309, 37.507010633758668 ], [ 127.070893748007109, 37.509263144233884 ], [ 127.068066160191833, 37.509264807426241 ], [ 127.068064114974803, 37.507012296816484 ], [ 127.070891617828309, 37.507010633758668 ] ] ] } },
{ "type": "Feature", "properties": { "cell_id": 319, "walkability_score": 40.9, "score_15min": 6.0 }, "geometry": { "type": "Polygon", "coordinates": [ [ [ 127.070893748007109, 37.509263144233884 ], [ 127.07089587842303, 37.511515653847873 ], [ 127.068068205636578, 37.511517317174757 ], [ 127.068066160191833, 37.509264807426241 ], [ 127.070893748007109, 37.509263144233884 ] ] ] } },
{ "type": "Feature", "properties": { "cell_id": 320, "walkability_score": 46.6, "score_15min": 6.0 }, "geometry": { "type": "Polygon", "coordinates": [ [ [ 127.07089587842303, 37.511515653847873 ], [ 127.070898009076132, 37.513768162600591 ], [ 127.068070251309024, 37.513769826062017 ], [ 127.068068205636578, 37.511517317174757 ], [ 127.07089587842303, 37.511515653847873 ] ] ] } },
{ "type": "Feature", "properties": { "cell_id": 321, "walkability_score": 34.6, "score_15min": 6.0 }, "geometry": { "type": "Polygon", "coordinates": [ [ [ 127.070898009076132, 37.513768162600591 ], [ 127.070900139966398, 37.51602067049204 ], [ 127.068072297209184, 37.516022334088007 ], [ 127.068070251309024, 37.513769826062017 ], [ 127.070898009076132, 37.513768162600591 ] ] ] } },
{ "type": "Feature", "properties": { "cell_id": 322, "walkability_score": 26.6, "score_15min": 6.0 }, "geometry": { "type": "Polygon", "coordinates": [ [ [ 127.070900139966398, 37.51602067049204 ], [ 127.0709022710939, 37.51827317752219 ], [ 127.068074343337116, 37.518274841252705 ], [ 127.068072297209184, 37.516022334088007 ], [ 127.070900139966398, 37.51602067049204 ] ] ] } },
{ "type": "Feature", "properties": { "cell_id": 323, "walkability_score": 19.5, "score_15min": 5.0 }, "geometry": { "type": "Polygon", "coordinates": [ [ [ 127.0709022710939, 37.51827317752219 ], [ 127.070904402458652, 37.520525683691034 ], [ 127.06807638969282, 37.520527347556119 ], [ 127.068074343337116, 37.518274841252705 ], [ 127.0709022710939, 37.51827317752219 ] ] ] } },
{ "type": "Feature", "properties": { "cell_id": 324, "walkability_score": 21.4, "score_15min": 6.0 }, "geometry": { "type": "Polygon", "coordinates": [ [ [ 127.073692557982469, 37.479978711826575 ], [ 127.073694770166114, 37.482231232495423 ], [ 127.070868201504581, 37.482232961694294 ], [ 127.07086607416926, 37.479980440885548 ], [ 127.073692557982469, 37.479978711826575 ] ] ] } },
{ "type": "Feature", "properties": { "cell_id": 325, "walkability_score": 29.7, "score_15min": 6.0 }, "geometry": { "type": "Polygon", "coordinates": [ [ [ 127.073694770166114, 37.482231232495423 ], [ 127.073696982596005, 37.484483752303227 ], [ 127.070870329076712, 37.484485481642004 ], [ 127.070868201504581, 37.482232961694294 ], [ 127.073694770166114, 37.482231232495423 ] ] ] } },
{ "type": "Feature", "properties": { "cell_id": 326, "walkability_score": 41.8, "score_15min": 6.0 }, "geometry": { "type": "Polygon", "coordinates": [ [ [ 127.073696982596005, 37.484483752303227 ], [ 127.073699195272141, 37.486736271249995 ], [ 127.070872456885681, 37.486738000728678 ], [ 127.070870329076712, 37.484485481642004 ], [ 127.073696982596005, 37.484483752303227 ] ] ] } },
{ "type": "Feature", "properties": { "cell_id": 327, "walkability_score": 55.8, "score_15min": 6.0 }, "geometry": { "type": "Polygon", "coordinates": [ [ [ 127.073699195272141, 37.486736271249995 ], [ 127.073701408194609, 37.488988789335679 ], [ 127.070874584931516, 37.488990518954289 ], [ 127.070872456885681, 37.486738000728678 ], [ 127.073699195272141, 37.486736271249995 ] ] ] } },
{ "type": "Feature", "properties": { "cell_id": 328, "walkability_score": 53.8, "score_15min": 6.0 }, "geometry": { "type": "Polygon", "coordinates": [ [ [ 127.073701408194609, 37.488988789335679 ], [ 127.073703621363407, 37.491241306560269 ], [ 127.070876713214233, 37.491243036318814 ], [ 127.070874584931516, 37.488990518954289 ], [ 127.073701408194609, 37.488988789335679 ] ] ] } },
{ "type": "Feature", "properties": { "cell_id": 329, "walkability_score": 55.1, "score_15min": 6.0 }, "geometry": { "type": "Polygon", "coordinates": [ [ [ 127.073703621363407, 37.491241306560269 ], [ 127.073705834778565, 37.493493822923746 ], [ 127.070878841733844, 37.493495552822225 ], [ 127.070876713214233, 37.491243036318814 ], [ 127.073703621363407, 37.491241306560269 ] ] ] } },
{ "type": "Feature", "properties": { "cell_id": 330, "walkability_score": 38.6, "score_15min": 6.0 }, "geometry": { "type": "Polygon", "coordinates": [ [ [ 127.073705834778565, 37.493493822923746 ], [ 127.07370804844011, 37.495746338426102 ], [ 127.070880970490407, 37.495748068464529 ], [ 127.070878841733844, 37.493495552822225 ], [ 127.073705834778565, 37.493493822923746 ] ] ] } },
{ "type": "Feature", "properties": { "cell_id": 331, "walkability_score": 45.5, "score_15min": 6.0 }, "geometry": { "type": "Polygon", "coordinates": [ [ [ 127.07370804844011, 37.495746338426102 ], [ 127.073710262348072, 37.497998853067315 ], [ 127.07088309948395, 37.498000583245705 ], [ 127.070880970490407, 37.495748068464529 ], [ 127.07370804844011, 37.495746338426102 ] ] ] } },
{ "type": "Feature", "properties": { "cell_id": 332, "walkability_score": 42.4, "score_15min": 5.0 }, "geometry": { "type": "Polygon", "coordinates": [ [ [ 127.073710262348072, 37.497998853067315 ], [ 127.073712476502493, 37.500251366847372 ], [ 127.070885228714474, 37.500253097165718 ], [ 127.07088309948395, 37.498000583245705 ], [ 127.073710262348072, 37.497998853067315 ] ] ] } },
{ "type": "Feature", "properties": { "cell_id": 333, "walkability_score": 29.1, "score_15min": 5.0 }, "geometry": { "type": "Polygon", "coordinates": [ [ [ 127.073712476502493, 37.500251366847372 ], [ 127.073714690903387, 37.502503879766245 ], [ 127.070887358182034, 37.50250561022456 ], [ 127.070885228714474, 37.500253097165718 ], [ 127.073712476502493, 37.500251366847372 ] ] ] } },
{ "type": "Feature", "properties": { "cell_id": 334, "walkability_score": 22.4, "score_15min": 6.0 }, "geometry": { "type": "Polygon", "coordinates": [ [ [ 127.073714690903387, 37.502503879766245 ], [ 127.07371690555081, 37.504756391823911 ], [ 127.070889487886618, 37.50475812242221 ], [ 127.070887358182034, 37.50250561022456 ], [ 127.073714690903387, 37.502503879766245 ] ] ] } },
{ "type": "Feature", "properties": { "cell_id": 335, "walkability_score": 25.3, "score_15min": 6.0 }, "geometry": { "type": "Polygon", "coordinates": [ [ [ 127.07371690555081, 37.504756391823911 ], [ 127.073719120444736, 37.50700890302037 ], [ 127.070891617828309, 37.507010633758668 ], [ 127.070889487886618, 37.50475812242221 ], [ 127.07371690555081, 37.504756391823911 ] ] ] } },
{ "type": "Feature", "properties": { "cell_id": 336, "walkability_score": 35.2, "score_15min": 6.0 }, "geometry": { "type": "Polygon", "coordinates": [ [ [ 127.073719120444736, 37.50700890302037 ], [ 127.073721335585219, 37.50926141335561 ], [ 127.070893748007109, 37.509263144233884 ], [ 127.070891617828309, 37.507010633758668 ], [ 127.073719120444736, 37.50700890302037 ] ] ] } },
{ "type": "Feature", "properties": { "cell_id": 337, "walkability_score": 56.5, "score_15min": 6.0 }, "geometry": { "type": "Polygon", "coordinates": [ [ [ 127.073721335585219, 37.50926141335561 ], [ 127.073723550972318, 37.511513922829593 ], [ 127.07089587842303, 37.511515653847873 ], [ 127.070893748007109, 37.509263144233884 ], [ 127.073721335585219, 37.50926141335561 ] ] ] } },
{ "type": "Feature", "properties": { "cell_id": 338, "walkability_score": 57.1, "score_15min": 6.0 }, "geometry": { "type": "Polygon", "coordinates": [ [ [ 127.073723550972318, 37.511513922829593 ], [ 127.073725766606046, 37.513766431442285 ], [ 127.070898009076132, 37.513768162600591 ], [ 127.07089587842303, 37.511515653847873 ], [ 127.073723550972318, 37.511513922829593 ] ] ] } },
{ "type": "Feature", "properties": { "cell_id": 339, "walkability_score": 35.2, "score_15min": 6.0 }, "geometry": { "type": "Polygon", "coordinates": [ [ [ 127.073725766606046, 37.513766431442285 ], [ 127.073727982486403, 37.516018939193721 ], [ 127.070900139966398, 37.51602067049204 ], [ 127.070898009076132, 37.513768162600591 ], [ 127.073725766606046, 37.513766431442285 ] ] ] } },
{ "type": "Feature", "properties": { "cell_id": 340, "walkability_score": 22.3, "score_15min": 6.0 }, "geometry": { "type": "Polygon", "coordinates": [ [ [ 127.073727982486403, 37.516018939193721 ], [ 127.073730198613475, 37.518271446083844 ], [ 127.0709022710939, 37.51827317752219 ], [ 127.070900139966398, 37.51602067049204 ], [ 127.073727982486403, 37.516018939193721 ] ] ] } },
{ "type": "Feature", "properties": { "cell_id": 341, "walkability_score": 17.4, "score_15min": 6.0 }, "geometry": { "type": "Polygon", "coordinates": [ [ [ 127.073730198613475, 37.518271446083844 ], [ 127.073732414987234, 37.520523952112633 ], [ 127.070904402458652, 37.520525683691034 ], [ 127.0709022710939, 37.51827317752219 ], [ 127.073730198613475, 37.518271446083844 ] ] ] } },
{ "type": "Feature", "properties": { "cell_id": 342, "walkability_score": 27.6, "score_15min": 6.0 }, "geometry": { "type": "Polygon", "coordinates": [ [ [ 127.076519041549474, 37.479976915152847 ], [ 127.076521338581387, 37.482229435676317 ], [ 127.073694770166114, 37.482231232495423 ], [ 127.073692557982469, 37.479978711826575 ], [ 127.076519041549474, 37.479976915152847 ] ] ] } },
{ "type": "Feature", "properties": { "cell_id": 343, "walkability_score": 34.0, "score_15min": 6.0 }, "geometry": { "type": "Polygon", "coordinates": [ [ [ 127.076521338581387, 37.482229435676317 ], [ 127.07652363586898, 37.484481955338758 ], [ 127.073696982596005, 37.484483752303227 ], [ 127.073694770166114, 37.482231232495423 ], [ 127.076521338581387, 37.482229435676317 ] ] ] } },
{ "type": "Feature", "properties": { "cell_id": 344, "walkability_score": 38.5, "score_15min": 6.0 }, "geometry": { "type": "Polygon", "coordinates": [ [ [ 127.07652363586898, 37.484481955338758 ], [ 127.076525933412299, 37.486734474140128 ], [ 127.073699195272141, 37.486736271249995 ], [ 127.073696982596005, 37.484483752303227 ], [ 127.07652363586898, 37.484481955338758 ] ] ] } },
{ "type": "Feature", "properties": { "cell_id": 345, "walkability_score": 49.6, "score_15min": 6.0 }, "geometry": { "type": "Polygon", "coordinates": [ [ [ 127.076525933412299, 37.486734474140128 ], [ 127.076528231211384, 37.48898699208042 ], [ 127.073701408194609, 37.488988789335679 ], [ 127.073699195272141, 37.486736271249995 ], [ 127.076525933412299, 37.486734474140128 ] ] ] } },
{ "type": "Feature", "properties": { "cell_id": 346, "walkability_score": 53.0, "score_15min": 6.0 }, "geometry": { "type": "Polygon", "coordinates": [ [ [ 127.076528231211384, 37.48898699208042 ], [ 127.076530529266236, 37.491239509159605 ], [ 127.073703621363407, 37.491241306560269 ], [ 127.073701408194609, 37.488988789335679 ], [ 127.076528231211384, 37.48898699208042 ] ] ] } },
{ "type": "Feature", "properties": { "cell_id": 347, "walkability_score": 63.6, "score_15min": 6.0 }, "geometry": { "type": "Polygon", "coordinates": [ [ [ 127.076530529266236, 37.491239509159605 ], [ 127.076532827576898, 37.493492025377677 ], [ 127.073705834778565, 37.493493822923746 ], [ 127.073703621363407, 37.491241306560269 ], [ 127.076530529266236, 37.491239509159605 ] ] ] } },
{ "type": "Feature", "properties": { "cell_id": 348, "walkability_score": 46.5, "score_15min": 6.0 }, "geometry": { "type": "Polygon", "coordinates": [ [ [ 127.076532827576898, 37.493492025377677 ], [ 127.076535126143398, 37.495744540734613 ], [ 127.07370804844011, 37.495746338426102 ], [ 127.073705834778565, 37.493493822923746 ], [ 127.076532827576898, 37.493492025377677 ] ] ] } },
{ "type": "Feature", "properties": { "cell_id": 349, "walkability_score": 32.9, "score_15min": 6.0 }, "geometry": { "type": "Polygon", "coordinates": [ [ [ 127.076535126143398, 37.495744540734613 ], [ 127.076537424965778, 37.497997055230407 ], [ 127.073710262348072, 37.497998853067315 ], [ 127.07370804844011, 37.495746338426102 ], [ 127.076535126143398, 37.495744540734613 ] ] ] } },
{ "type": "Feature", "properties": { "cell_id": 350, "walkability_score": 28.4, "score_15min": 5.0 }, "geometry": { "type": "Polygon", "coordinates": [ [ [ 127.076537424965778, 37.497997055230407 ], [ 127.076539724044054, 37.500249568865016 ], [ 127.073712476502493, 37.500251366847372 ], [ 127.073710262348072, 37.497998853067315 ], [ 127.076537424965778, 37.497997055230407 ] ] ] } },
{ "type": "Feature", "properties": { "cell_id": 351, "walkability_score": 21.3, "score_15min": 5.0 }, "geometry": { "type": "Polygon", "coordinates": [ [ [ 127.076539724044054, 37.500249568865016 ], [ 127.076542023378252, 37.502502081638447 ], [ 127.073714690903387, 37.502503879766245 ], [ 127.073712476502493, 37.500251366847372 ], [ 127.076539724044054, 37.500249568865016 ] ] ] } },
{ "type": "Feature", "properties": { "cell_id": 352, "walkability_score": 22.2, "score_15min": 6.0 }, "geometry": { "type": "Polygon", "coordinates": [ [ [ 127.076542023378252, 37.502502081638447 ], [ 127.076544322968417, 37.504754593550665 ], [ 127.07371690555081, 37.504756391823911 ], [ 127.073714690903387, 37.502503879766245 ], [ 127.076542023378252, 37.502502081638447 ] ] ] } },
{ "type": "Feature", "properties": { "cell_id": 353, "walkability_score": 29.7, "score_15min": 6.0 }, "geometry": { "type": "Polygon", "coordinates": [ [ [ 127.076544322968417, 37.504754593550665 ], [ 127.076546622814575, 37.507007104601655 ], [ 127.073719120444736, 37.50700890302037 ], [ 127.07371690555081, 37.504756391823911 ], [ 127.076544322968417, 37.504754593550665 ] ] ] } },
{ "type": "Feature", "properties": { "cell_id": 354, "walkability_score": 34.3, "score_15min": 5.0 }, "geometry": { "type": "Polygon", "coordinates": [ [ [ 127.076546622814575, 37.507007104601655 ], [ 127.076548922916771, 37.509259614791418 ], [ 127.073721335585219, 37.50926141335561 ], [ 127.073719120444736, 37.50700890302037 ], [ 127.076546622814575, 37.507007104601655 ] ] ] } },
{ "type": "Feature", "properties": { "cell_id": 355, "walkability_score": 46.5, "score_15min": 5.0 }, "geometry": { "type": "Polygon", "coordinates": [ [ [ 127.076548922916771, 37.509259614791418 ], [ 127.076551223275004, 37.511512124119911 ], [ 127.073723550972318, 37.511513922829593 ], [ 127.073721335585219, 37.50926141335561 ], [ 127.076548922916771, 37.509259614791418 ] ] ] } },
{ "type": "Feature", "properties": { "cell_id": 356, "walkability_score": 48.1, "score_15min": 6.0 }, "geometry": { "type": "Polygon", "coordinates": [ [ [ 127.076551223275004, 37.511512124119911 ], [ 127.076553523889331, 37.513764632587133 ], [ 127.073725766606046, 37.513766431442285 ], [ 127.073723550972318, 37.511513922829593 ], [ 127.076551223275004, 37.511512124119911 ] ] ] } },
{ "type": "Feature", "properties": { "cell_id": 357, "walkability_score": 33.6, "score_15min": 6.0 }, "geometry": { "type": "Polygon", "coordinates": [ [ [ 127.076553523889331, 37.513764632587133 ], [ 127.076555824759737, 37.516017140193071 ], [ 127.073727982486403, 37.516018939193721 ], [ 127.073725766606046, 37.513766431442285 ], [ 127.076553523889331, 37.513764632587133 ] ] ] } },
{ "type": "Feature", "properties": { "cell_id": 358, "walkability_score": 27.7, "score_15min": 5.0 }, "geometry": { "type": "Polygon", "coordinates": [ [ [ 127.076555824759737, 37.516017140193071 ], [ 127.076558125886322, 37.518269646937675 ], [ 127.073730198613475, 37.518271446083844 ], [ 127.073727982486403, 37.516018939193721 ], [ 127.076555824759737, 37.516017140193071 ] ] ] } },
{ "type": "Feature", "properties": { "cell_id": 359, "walkability_score": 23.5, "score_15min": 5.0 }, "geometry": { "type": "Polygon", "coordinates": [ [ [ 127.076558125886322, 37.518269646937675 ], [ 127.076560427269072, 37.520522152820952 ], [ 127.073732414987234, 37.520523952112633 ], [ 127.073730198613475, 37.518271446083844 ], [ 127.076558125886322, 37.518269646937675 ] ] ] } },
{ "type": "Feature", "properties": { "cell_id": 360, "walkability_score": 37.6, "score_15min": 5.0 }, "geometry": { "type": "Polygon", "coordinates": [ [ [ 127.079345524860827, 37.479975050864361 ], [ 127.079347906740978, 37.482227571237011 ], [ 127.076521338581387, 37.482229435676317 ], [ 127.076519041549474, 37.479976915152847 ], [ 127.079345524860827, 37.479975050864361 ] ] ] } },
{ "type": "Feature", "properties": { "cell_id": 361, "walkability_score": 49.3, "score_15min": 6.0 }, "geometry": { "type": "Polygon", "coordinates": [ [ [ 127.079347906740978, 37.482227571237011 ], [ 127.079350288886246, 37.484480090748583 ], [ 127.07652363586898, 37.484481955338758 ], [ 127.076521338581387, 37.482229435676317 ], [ 127.079347906740978, 37.482227571237011 ] ] ] } },
{ "type": "Feature", "properties": { "cell_id": 362, "walkability_score": 35.7, "score_15min": 6.0 }, "geometry": { "type": "Polygon", "coordinates": [ [ [ 127.079350288886246, 37.484480090748583 ], [ 127.079352671296718, 37.486732609399098 ], [ 127.076525933412299, 37.486734474140128 ], [ 127.07652363586898, 37.484481955338758 ], [ 127.079350288886246, 37.484480090748583 ] ] ] } },
{ "type": "Feature", "properties": { "cell_id": 363, "walkability_score": 36.5, "score_15min": 6.0 }, "geometry": { "type": "Polygon", "coordinates": [ [ [ 127.079352671296718, 37.486732609399098 ], [ 127.079355053972364, 37.488985127188528 ], [ 127.076528231211384, 37.48898699208042 ], [ 127.076525933412299, 37.486734474140128 ], [ 127.079352671296718, 37.486732609399098 ] ] ] } },
{ "type": "Feature", "properties": { "cell_id": 364, "walkability_score": 44.7, "score_15min": 6.0 }, "geometry": { "type": "Polygon", "coordinates": [ [ [ 127.079355053972364, 37.488985127188528 ], [ 127.079357436913241, 37.491237644116836 ], [ 127.076530529266236, 37.491239509159605 ], [ 127.076528231211384, 37.48898699208042 ], [ 127.079355053972364, 37.488985127188528 ] ] ] } },
{ "type": "Feature", "properties": { "cell_id": 365, "walkability_score": 56.1, "score_15min": 6.0 }, "geometry": { "type": "Polygon", "coordinates": [ [ [ 127.079357436913241, 37.491237644116836 ], [ 127.079359820119379, 37.493490160184024 ], [ 127.076532827576898, 37.493492025377677 ], [ 127.076530529266236, 37.491239509159605 ], [ 127.079357436913241, 37.491237644116836 ] ] ] } },
{ "type": "Feature", "properties": { "cell_id": 366, "walkability_score": 56.3, "score_15min": 6.0 }, "geometry": { "type": "Polygon", "coordinates": [ [ [ 127.079359820119379, 37.493490160184024 ], [ 127.07936220359079, 37.495742675390076 ], [ 127.076535126143398, 37.495744540734613 ], [ 127.076532827576898, 37.493492025377677 ], [ 127.079359820119379, 37.493490160184024 ] ] ] } },
{ "type": "Feature", "properties": { "cell_id": 367, "walkability_score": 34.2, "score_15min": 5.0 }, "geometry": { "type": "Polygon", "coordinates": [ [ [ 127.07936220359079, 37.495742675390076 ], [ 127.079364587327547, 37.497995189734958 ], [ 127.076537424965778, 37.497997055230407 ], [ 127.076535126143398, 37.495744540734613 ], [ 127.07936220359079, 37.495742675390076 ] ] ] } },
{ "type": "Feature", "properties": { "cell_id": 368, "walkability_score": 22.1, "score_15min": 5.0 }, "geometry": { "type": "Polygon", "coordinates": [ [ [ 127.079364587327547, 37.497995189734958 ], [ 127.079366971329662, 37.500247703218655 ], [ 127.076539724044054, 37.500249568865016 ], [ 127.076537424965778, 37.497997055230407 ], [ 127.079364587327547, 37.497995189734958 ] ] ] } },
{ "type": "Feature", "properties": { "cell_id": 369, "walkability_score": 16.8, "score_15min": 5.0 }, "geometry": { "type": "Polygon", "coordinates": [ [ [ 127.079366971329662, 37.500247703218655 ], [ 127.079369355597166, 37.502500215841167 ], [ 127.076542023378252, 37.502502081638447 ], [ 127.076539724044054, 37.500249568865016 ], [ 127.079366971329662, 37.500247703218655 ] ] ] } },
{ "type": "Feature", "properties": { "cell_id": 370, "walkability_score": 26.0, "score_15min": 6.0 }, "geometry": { "type": "Polygon", "coordinates": [ [ [ 127.079369355597166, 37.502500215841167 ], [ 127.079371740130057, 37.504752727602458 ], [ 127.076544322968417, 37.504754593550665 ], [ 127.076542023378252, 37.502502081638447 ], [ 127.079369355597166, 37.502500215841167 ] ] ] } },
{ "type": "Feature", "properties": { "cell_id": 371, "walkability_score": 37.2, "score_15min": 5.0 }, "geometry": { "type": "Polygon", "coordinates": [ [ [ 127.079371740130057, 37.504752727602458 ], [ 127.079374124928421, 37.507005238502522 ], [ 127.076546622814575, 37.507007104601655 ], [ 127.076544322968417, 37.504754593550665 ], [ 127.079371740130057, 37.504752727602458 ] ] ] } },
{ "type": "Feature", "properties": { "cell_id": 372, "walkability_score": 44.3, "score_15min": 5.0 }, "geometry": { "type": "Polygon", "coordinates": [ [ [ 127.079374124928421, 37.507005238502522 ], [ 127.079376509992258, 37.50925774854133 ], [ 127.076548922916771, 37.509259614791418 ], [ 127.076546622814575, 37.507007104601655 ], [ 127.079374124928421, 37.507005238502522 ] ] ] } },
{ "type": "Feature", "properties": { "cell_id": 373, "walkability_score": 61.9, "score_15min": 5.0 }, "geometry": { "type": "Polygon", "coordinates": [ [ [ 127.079376509992258, 37.50925774854133 ], [ 127.079378895321611, 37.511510257718875 ], [ 127.076551223275004, 37.511512124119911 ], [ 127.076548922916771, 37.509259614791418 ], [ 127.079376509992258, 37.50925774854133 ] ] ] } },
{ "type": "Feature", "properties": { "cell_id": 374, "walkability_score": 58.8, "score_15min": 5.0 }, "geometry": { "type": "Polygon", "coordinates": [ [ [ 127.079378895321611, 37.511510257718875 ], [ 127.079381280916465, 37.513762766035136 ], [ 127.076553523889331, 37.513764632587133 ], [ 127.076551223275004, 37.511512124119911 ], [ 127.079378895321611, 37.511510257718875 ] ] ] } },
{ "type": "Feature", "properties": { "cell_id": 375, "walkability_score": 35.8, "score_15min": 5.0 }, "geometry": { "type": "Polygon", "coordinates": [ [ [ 127.079381280916465, 37.513762766035136 ], [ 127.079383666776934, 37.51601527349009 ], [ 127.076555824759737, 37.516017140193071 ], [ 127.076553523889331, 37.513764632587133 ], [ 127.079381280916465, 37.513762766035136 ] ] ] } },
{ "type": "Feature", "properties": { "cell_id": 376, "walkability_score": 34.8, "score_15min": 5.0 }, "geometry": { "type": "Polygon", "coordinates": [ [ [ 127.079383666776934, 37.51601527349009 ], [ 127.079386052903004, 37.518267780083725 ], [ 127.076558125886322, 37.518269646937675 ], [ 127.076555824759737, 37.516017140193071 ], [ 127.079383666776934, 37.51601527349009 ] ] ] } },
{ "type": "Feature", "properties": { "cell_id": 377, "walkability_score": 30.8, "score_15min": 5.0 }, "geometry": { "type": "Polygon", "coordinates": [ [ [ 127.079386052903004, 37.518267780083725 ], [ 127.079388439294675, 37.520520285816019 ], [ 127.076560427269072, 37.520522152820952 ], [ 127.076558125886322, 37.518269646937675 ], [ 127.079386052903004, 37.518267780083725 ] ] ] } },
{ "type": "Feature", "properties": { "cell_id": 378, "walkability_score": 34.7, "score_15min": 5.0 }, "geometry": { "type": "Polygon", "coordinates": [ [ [ 127.08217200790709, 37.479973118961148 ], [ 127.082174474635423, 37.482225639177486 ], [ 127.079347906740978, 37.482227571237011 ], [ 127.079345524860827, 37.479975050864361 ], [ 127.08217200790709, 37.479973118961148 ] ] ] } },
{ "type": "Feature", "properties": { "cell_id": 379, "walkability_score": 43.7, "score_15min": 5.0 }, "geometry": { "type": "Polygon", "coordinates": [ [ [ 127.082174474635423, 37.482225639177486 ], [ 127.082176941638366, 37.48447815853276 ], [ 127.079350288886246, 37.484480090748583 ], [ 127.079347906740978, 37.482227571237011 ], [ 127.082174474635423, 37.482225639177486 ] ] ] } },
{ "type": "Feature", "properties": { "cell_id": 380, "walkability_score": 31.0, "score_15min": 5.0 }, "geometry": { "type": "Polygon", "coordinates": [ [ [ 127.082176941638366, 37.48447815853276 ], [ 127.08217940891592, 37.486730677026941 ], [ 127.079352671296718, 37.486732609399098 ], [ 127.079350288886246, 37.484480090748583 ], [ 127.082176941638366, 37.48447815853276 ] ] ] } },
{ "type": "Feature", "properties": { "cell_id": 381, "walkability_score": 31.4, "score_15min": 5.0 }, "geometry": { "type": "Polygon", "coordinates": [ [ [ 127.08217940891592, 37.486730677026941 ], [ 127.082181876468113, 37.488983194660022 ], [ 127.079355053972364, 37.488985127188528 ], [ 127.079352671296718, 37.486732609399098 ], [ 127.08217940891592, 37.486730677026941 ] ] ] } },
{ "type": "Feature", "properties": { "cell_id": 382, "walkability_score": 40.6, "score_15min": 5.0 }, "geometry": { "type": "Polygon", "coordinates": [ [ [ 127.082181876468113, 37.488983194660022 ], [ 127.082184344294987, 37.49123571143199 ], [ 127.079357436913241, 37.491237644116836 ], [ 127.079355053972364, 37.488985127188528 ], [ 127.082181876468113, 37.488983194660022 ] ] ] } },
{ "type": "Feature", "properties": { "cell_id": 383, "walkability_score": 46.3, "score_15min": 5.0 }, "geometry": { "type": "Polygon", "coordinates": [ [ [ 127.082184344294987, 37.49123571143199 ], [ 127.082186812396571, 37.49348822734283 ], [ 127.079359820119379, 37.493490160184024 ], [ 127.079357436913241, 37.491237644116836 ], [ 127.082184344294987, 37.49123571143199 ] ] ] } },
{ "type": "Feature", "properties": { "cell_id": 384, "walkability_score": 50.8, "score_15min": 4.0 }, "geometry": { "type": "Polygon", "coordinates": [ [ [ 127.082186812396571, 37.49348822734283 ], [ 127.082189280772894, 37.495740742392499 ], [ 127.07936220359079, 37.495742675390076 ], [ 127.079359820119379, 37.493490160184024 ], [ 127.082186812396571, 37.49348822734283 ] ] ] } },
{ "type": "Feature", "properties": { "cell_id": 385, "walkability_score": 30.4, "score_15min": 4.0 }, "geometry": { "type": "Polygon", "coordinates": [ [ [ 127.082189280772894, 37.495740742392499 ], [ 127.082191749423998, 37.497993256581019 ], [ 127.079364587327547, 37.497995189734958 ], [ 127.07936220359079, 37.495742675390076 ], [ 127.082189280772894, 37.495740742392499 ] ] ] } },
{ "type": "Feature", "properties": { "cell_id": 386, "walkability_score": 18.3, "score_15min": 4.0 }, "geometry": { "type": "Polygon", "coordinates": [ [ [ 127.082191749423998, 37.497993256581019 ], [ 127.082194218349898, 37.500245769908339 ], [ 127.079366971329662, 37.500247703218655 ], [ 127.079364587327547, 37.497995189734958 ], [ 127.082191749423998, 37.497993256581019 ] ] ] } },
{ "type": "Feature", "properties": { "cell_id": 387, "walkability_score": 14.1, "score_15min": 3.0 }, "geometry": { "type": "Polygon", "coordinates": [ [ [ 127.082194218349898, 37.500245769908339 ], [ 127.082196687550649, 37.502498282374447 ], [ 127.079369355597166, 37.502500215841167 ], [ 127.079366971329662, 37.500247703218655 ], [ 127.082194218349898, 37.500245769908339 ] ] ] } },
{ "type": "Feature", "properties": { "cell_id": 388, "walkability_score": 21.4, "score_15min": 5.0 }, "geometry": { "type": "Polygon", "coordinates": [ [ [ 127.082196687550649, 37.502498282374447 ], [ 127.082199157026253, 37.504750793979348 ], [ 127.079371740130057, 37.504752727602458 ], [ 127.079369355597166, 37.502500215841167 ], [ 127.082196687550649, 37.502498282374447 ] ] ] } },
{ "type": "Feature", "properties": { "cell_id": 389, "walkability_score": 33.0, "score_15min": 5.0 }, "geometry": { "type": "Polygon", "coordinates": [ [ [ 127.082199157026253, 37.504750793979348 ], [ 127.082201626776751, 37.507003304722986 ], [ 127.079374124928421, 37.507005238502522 ], [ 127.079371740130057, 37.504752727602458 ], [ 127.082199157026253, 37.504750793979348 ] ] ] } },
{ "type": "Feature", "properties": { "cell_id": 390, "walkability_score": 47.0, "score_15min": 5.0 }, "geometry": { "type": "Polygon", "coordinates": [ [ [ 127.082201626776751, 37.507003304722986 ], [ 127.082204096802215, 37.509255814605382 ], [ 127.079376509992258, 37.50925774854133 ], [ 127.079374124928421, 37.507005238502522 ], [ 127.082201626776751, 37.507003304722986 ] ] ] } },
{ "type": "Feature", "properties": { "cell_id": 391, "walkability_score": 53.4, "score_15min": 5.0 }, "geometry": { "type": "Polygon", "coordinates": [ [ [ 127.082204096802215, 37.509255814605382 ], [ 127.082206567102645, 37.511508323626487 ], [ 127.079378895321611, 37.511510257718875 ], [ 127.079376509992258, 37.50925774854133 ], [ 127.082204096802215, 37.509255814605382 ] ] ] } },
{ "type": "Feature", "properties": { "cell_id": 392, "walkability_score": 52.6, "score_15min": 5.0 }, "geometry": { "type": "Polygon", "coordinates": [ [ [ 127.082206567102645, 37.511508323626487 ], [ 127.082209037678069, 37.513760831786314 ], [ 127.079381280916465, 37.513762766035136 ], [ 127.079378895321611, 37.511510257718875 ], [ 127.082206567102645, 37.511508323626487 ] ] ] } },
{ "type": "Feature", "properties": { "cell_id": 393, "walkability_score": 33.5, "score_15min": 5.0 }, "geometry": { "type": "Polygon", "coordinates": [ [ [ 127.082209037678069, 37.513760831786314 ], [ 127.08221150852853, 37.516013339084815 ], [ 127.079383666776934, 37.51601527349009 ], [ 127.079381280916465, 37.513762766035136 ], [ 127.082209037678069, 37.513760831786314 ] ] ] } },
{ "type": "Feature", "properties": { "cell_id": 394, "walkability_score": 28.8, "score_15min": 5.0 }, "geometry": { "type": "Polygon", "coordinates": [ [ [ 127.08221150852853, 37.516013339084815 ], [ 127.082213979654028, 37.518265845521995 ], [ 127.079386052903004, 37.518267780083725 ], [ 127.079383666776934, 37.51601527349009 ], [ 127.08221150852853, 37.516013339084815 ] ] ] } },
{ "type": "Feature", "properties": { "cell_id": 395, "walkability_score": 24.2, "score_15min": 5.0 }, "geometry": { "type": "Polygon", "coordinates": [ [ [ 127.082213979654028, 37.518265845521995 ], [ 127.082216451054649, 37.52051835109782 ], [ 127.079388439294675, 37.520520285816019 ], [ 127.079386052903004, 37.518267780083725 ], [ 127.082213979654028, 37.518265845521995 ] ] ] } }
]
}
